0030800bdbc219ac7089af0798459a209446750f7322a212b496bdfe842184cd_0,0,50.0,pubkey
004ed5d4e3dbb1100299798bac8be35aad6e67035b227fd913e963f4e08c7da4_0,0,50.0,pubkey
008a45346f7056ddfc978d41bcc05540602d20bbfc8fec289175078652c161b0_0,0,50.0,pubkey
00ff9e64c9a2e7793e6f8c2b04072b4b22648cdedd46cd1c3ae3d6a23c8ec1eb_0,0,50.0,pubkey
01015f270c5c272d83f7b41b895ae548c797fb05be65479c8f5d7fce7c8fe6f6_0,0,50.0,pubkey
01fa154c187cd706072b9885c44b79339ed3acc1178b6c4bd2cf305305d30668_0,0,50.0,pubkey
0250a9caf09f36448089bc7900959817dff9501b6512110cbeae16fa50c5da1c_0,0,50.0,pubkey
02d66006ed338fadc068ab4f06af867d6512b8675fb9141d23143ce271052817_0,0,50.0,pubkey
030b9536f8212a2986f45e8eafb294a401f9e5eb1b410dae33309c8ceab70c11_0,0,50.0,pubkey
03754cb5d97171f404f7e298cd9a01933ec6581483757d79bebd4c226d962f35_0,0,50.0,pubkey
03879c45c753febae19949a033fe18d6ac998994e8fe012fc381e2558c5891cb_0,0,50.0,pubkey
03b397250f0709f7a1d38f5d3c65f179ef50f72c15072ba1fb92ec634c95f81c_0,0,50.0,pubkey
03c0e992ccfdba57aae234fd989552c6b6742c65a10b3f879959fdd19151232d_0,0,50.0,pubkey
03cb96900693a9de9ed63e9b40efa54d5717f8c94607c9c875f545a9f5517b05_0,0,50.0,pubkey
04256336e9287f3b46508888cf3539dc0ab2fc8803cbe9668749fd18fc5dee85_0,0,50.0,pubkey
0437cd7f8525ceed2324359c2d0ba26006d92d856a9c20fa0241106ee5a597c9_0,0,50.0,pubkey
04391286b3aefbb5df4cdb515ac7fce7942525fa602e1d7757e90a4fd41a1e20_0,0,50.0,pubkey
04580a0ceb45410a243fc3744126a293cde6cc4063723a6b6f269e2f83d68c0b_0,0,50.0,pubkey
04857418393e77f8060291bc2faaac30facefbfcd50f1f64df4e2dc2b5f57ecf_0,0,50.0,pubkey
04916fa6032abc23bef344520843a7079047361c31a1187a5a0fbb53bbdf77a8_0,0,50.0,pubkey
049fa60fe6206f36ceef739b5c1ef92b330a2c5a32da9e6e0f338133170662cc_0,0,50.0,pubkey
04a0d7c4a8c7a8a0598730f0ebcf0e7bae213576aa104da30d82ea38cc1b34e3_0,0,50.0,pubkey
0531b1aae949e997105507732ed7c76eae5c9ea987d7a4f7c45e7a28c36cab28_0,0,50.0,pubkey
053664b11b14df95e7e183450cb594fe6c3348e3981c183a0e5fb93da0da24fa_0,0,50.0,pubkey
060c1c42cd25e8e929d032236478d864a9245e19bed417c0a839b4ae831b83f7_0,0,50.0,pubkey
06271e4f803593c477b084788e9d98bd5e3a17389a107de4e2f7ef37afc30010_0,0,50.0,pubkey
065fab4aac42671a74eee036873d71fd209102b0e2c7a0bd5910e1a31d507c98_0,0,50.0,pubkey
0691617b74805f5ed8b035632972e8ec8871c0a001df458ed38f5f1d16865e26_0,0,50.0,pubkey
06c3a86183a526c1e1f4f3b743471ae08a642b5a0361f639f4f10b60b3a8932b_0,0,50.0,pubkey
06c465c460692fe059efe40671863885785ea3907704af2b8d893ba5aefd157f_0,0,50.0,pubkey
071221fdd1639bcb9b9d2aa9b6cce05e0511b69de862c13953261d6a6a462cb1_0,0,50.0,pubkey
0731f33cf07a2e5f749a2910c437a015968e1fc2ed79c95634829167db280c4f_0,0,50.0,pubkey
07444389d2c5d91451b42926116023871e0e6f90e910215a4a468a100330ea5d_0,0,50.0,pubkey
079cf9524b419b491cacc076423f18290f63f1e24ee67b87a92dddde82fc034f_0,0,50.0,pubkey
07b4b23fca39e9b263fd214d9274335231c3b025aa3d817860fc214a84365e88_0,0,50.0,pubkey
07e014b69ada903a5fa33f841dacaff680a5cf72f4eca8997484aa35270f1ed7_0,0,50.0,pubkey
07fba96c6d8a2d8782ffce6cf528a00097986da2c32535b47a276b52a20adffa_0,0,50.0,pubkey
083a5b93aa0dae570903ffb67451440c6efc9effd076ca9d7ec61499a7225b01_0,0,50.0,pubkey
08648614555595f23ea51c8c018777ac0601e328d7784e41a18408863d98500d_0,0,50.0,pubkey
09548672c43aa25def69fc7a7a0e1463ea7b671209ab1c0918e9fff9e1a2b4af_0,0,50.0,pubkey
09ac9b8760eba9199ab764c348395ea4eedcddb2c8dc9cfa5b70159e043f9520_0,0,50.0,pubkey
09e5c4a5a089928bbe368cd0f2b09abafb3ebf328cd0d262d06ec35bdda1077f_0,0,50.0,pubkey
0a4820413c11c1b9d28bff885a155da7ed1fcaf784d22f5b46796e2c4e83ace1_0,0,50.0,pubkey
0a6353fb131ec8102dce4356b979f99ae4a532bab929999970fe9b6478a2c228_0,0,50.0,pubkey
0aa75aafb5b4bacc5497f6402a6bc3307d2cb77ae977642b1e222b61fbb2510d_0,0,50.0,pubkey
0ae846d06e9d3c453c567e9381779717e9c8363fe96f67fd6d59e550be8909ac_0,0,50.0,pubkey
0b086abe2602f870a2d93ed496b0558d5fc349c4504eb0d474cc4ca99b4b1308_0,0,50.0,pubkey
0b1266e3eb3f7f64c92870d42aad1db213195ab70b3ec1bf2a97177ff04f0c9a_0,0,50.0,pubkey
0b15b03de70b8a12268123c3c8443f32e95378b0b2bd05942800fea1c0748ce9_0,0,50.0,pubkey
0b4330db1c2771843232e0455da71f530335dfa4fb282834f376f2d407d88413_0,0,50.0,pubkey
0b545ad147e3d518c538d20d4c1ef574fee3706c0ed52575c43f03c6f20d511a_0,0,50.0,pubkey
0b5fe307d48f43967ac786142db01e99314d275e78e995fc9f778c248e6194ac_0,0,50.0,pubkey
0b885d4090e4874d8abd274a722c9c2dd08c27ee92f385cf786f0a3833c79882_0,0,50.0,pubkey
0b9557c218e3d6377acbfcc056b7562213c9d71e0b43059edf88b424ee880465_0,0,50.0,pubkey
0c0b7bb4d3d7ad501a4c29547ed6199e451455e6fe7bc934ee1f852ae677edef_0,0,50.0,pubkey
0c6af4d648111cfedc3a054fb7dd85cafaf1f9f49b68753580594ab07fd8d22c_0,0,50.0,pubkey
0cc917bf15f8807f224e7524c1eca22c3740ddefb7bf6694f7c2262b490cc706_0,0,50.0,pubkey
0d31eb988e57808e6918dde6a8e6acc19c6622fdeae1af0e132816ca4448d865_0,0,50.0,pubkey
0d4fe37aeb52ff6c01f119fe0cd42ee8f2366d9bf55c50ba8fe52e760dcbc96a_0,0,50.0,pubkey
0de403b33004fd1f8dd9e7ad35417c07f5e7cfc6824b0e27e877a0bc492ae8fc_0,0,50.0,pubkey
0e3e2357e806b6cdb1f70b54c3a3a17b6714ee1f0e68bebb44a74b1efd512098_0,0,50.0,pubkey
0e7b48c82b6753b9dc6ea597ec4b1c9fa2422c4a8c21b6691d0fed831e3a397b_0,0,50.0,pubkey
0e9639e3e6161c7c2917aa114fd6695e92c35f1c6acc6ad8489e3e44683727d5_0,0,50.0,pubkey
0ea978fa97b831ffb02ef81db0722dfe5cb6c3b5d555d9ec476882e03a023754_0,0,50.0,pubkey
0f00a4718228d0e7338695a96dba43dcf371cbe37d315395c8d60e516f5e5235_0,0,50.0,pubkey
0f1bb85ed4cdf6bc13491b23afb924bb9ac556fb1db246d09252443a66a2a9e4_0,0,50.0,pubkey
0fbd859f087df38c6dfd5ae638be50a1b93fe210fcf50b3aceb324b3971e0340_0,0,50.0,pubkey
10213d32652ab07be761d88a33ead6a159fa9bc60456843bbd3ab9583b9dc383_0,0,50.0,pubkey
10470e2c3c443863ea2e84684f7f6021539f518d3246ad97125d348ea1a75964_0,0,50.0,pubkey
1098da43c20a1e1bdcec45ba53d56460bfe85f4ccb2d63418cff7d18b70afb0d_0,0,50.0,pubkey
10c712c4ccd418e1c1684cd1b4cbb83d972d33c9da873436a5632fc92c45b4c1_0,0,50.0,pubkey
11159855022d25c7d8df81c0b61255ac0a72cea3ea3ff7685b55522821481d0c_0,0,50.0,pubkey
11dc0ab607d4d4a7ec4cbb82b6374399174ebbb4a3ab4b2aa55359dca1cf6f89_0,0,50.0,pubkey
12272d79ff1fbc1238d78d7d6e0e75c5f0e7aae7925e4f59b96b02fc2cd82bfc_0,0,50.0,pubkey
1235bc4984c505e2d9fcf3e83b65d2fbb42bdb1605f756e312bb49654724ded8_0,0,50.0,pubkey
1250eb3d3c033248250a39a5df553be24ddc8a0e76d71b520904935a440fa225_0,0,50.0,pubkey
12b2f144a461e73183571a52332fa727e7b76ee49e212e0695446b7ac78cd3e8_0,0,50.0,pubkey
12b5633bad1f9c167d523ad1aa1947b2732a865bf5414eab2f9e5ae5d5c191ba_0,0,1.0,pubkey
12b5633bad1f9c167d523ad1aa1947b2732a865bf5414eab2f9e5ae5d5c191ba_1,1,28.0,pubkey
1415e98024ffc168fa4d78cc82534e96ce473adaae18134782a0a82984954975_0,0,50.0,pubkey
1418319b11188f8692aa85e41e67bc7e04a3dd234ccb585afa0177a874c96cda_0,0,50.0,pubkey
145184076b0902e61454ffef9a43c8bd3a3d3d8ea34bf3facc6c21138a74e68a_0,0,50.0,pubkey
1484c18ba443b13851098597d8cb6d49d5983eab63c53d6b0dcc565612e7ca6b_0,0,50.0,pubkey
156513330d84f34e4d45a5059872cf1b842bc7c42693e4e13daf0763b9c02e57_0,0,50.0,pubkey
15b81bd56b6ce291682bd5d9fbe01e7a75b8228c2e3902cc87b40e16b06505d1_0,0,50.0,pubkey
15ca7e3d03d9866a335400244e71dfc405c551c2854fc8d8edfa82729438357d_0,0,50.0,pubkey
15f09c3978221c2a92e6469b1b82762f21b70c216944a63c9a821d8f846bb48f_0,0,50.0,pubkey
16293da6d4078f636b691448b57f96d5af32d7ca3fb15a20cc74845b224a44bd_0,0,50.0,pubkey
16b5a5cdf960a4dd822be1bab9c3cec43fb9524cca96006944347ca43d873cac_0,0,50.0,pubkey
16c495d2e252f86a8efa3d862c819ac6ece2c3e340249a031ea493a38e32d20a_0,0,50.0,pubkey
16ce2f4b6ea02f6638d037815c195f216f9600724460a3f1f4c153a2e392e190_0,0,50.0,pubkey
1704b85b190683be893af88515c6f3900aaef4c02067112f1d0d50fb39aa0999_0,0,50.0,pubkey
1744372990897f287c453bbfd79017fc88646e0c4a973093b953b34b731785cc_0,0,50.0,pubkey
17573dc4eed8e66e5f8b83395ce09fd8aa50eea51a3a0586f0655b41fe06eb19_0,0,50.0,pubkey
17b5dd11f3672e2eae1b5b5bdd7804eb6ca4e780c46745a0c5d2d79ddb9aaa1b_0,0,50.0,pubkey
17e017e74707be1ef24ccdd7f15bc5edccbb407d455ff6307f373649caed12c6_0,0,50.0,pubkey
1837d8b7b8aa93cd49fe256f0aea81a70d781b9164b77544d99dc8d38e5de868_0,0,50.0,pubkey
18687c2987f739b4afb377242751faae094bf517db58c1387b80397d3097d3e8_0,0,50.0,pubkey
18883aec5f3e6cec38520df46530f0c6b1ab35973c386922e1c4580fbb9dee80_0,0,50.0,pubkey
18b5175c94e667eb128038f273ba08676452f5c484b5d79bb757b701225cafeb_0,0,50.0,pubkey
190ec0e9cb1c15b84824f0bdc7c5f2cf94e8186b5f58d4d8c2cbc0d7835d46df_0,0,50.0,pubkey
193b51cd0c5a44bf6593e69fea91e9ddd311f610c5c23187552e3347b275b81b_0,0,50.0,pubkey
194c9715279d8626bc66f2b6552f2ae67b3df3a00b88553245b12bffffad5b59_0,0,50.0,pubkey
19521c62482ac299b37c8ae4eab67abd150e3c21dc66b7e2b0919444769ee2ed_0,0,50.0,pubkey
199608a11d1886752321567fefa3f4199ef4fffc72112a40ff69d186a46b0143_0,0,50.0,pubkey
19ee92fcacc7fca48de4939d200af79d1e52dd9fa5a376e91c2484a756264e3e_0,0,50.0,pubkey
1a959426f24222d539abfd0b2918972f203810cf914d9697b3a815de18141f7c_0,0,50.0,pubkey
1ac8783028a63fa8b36ade0911bb0fb7655c268156c38a439cf1e8f6cfb2c585_0,0,50.0,pubkey
1b1ae506a3cf0cf2e190e8c88fd45646b8a5f95e69c7cb0cd0b6de4bef5f4dad_0,0,50.0,pubkey
1b530f57a052db3a8a0987630ee2fe6643e9ae04302844ec91ff3580c52d671d_0,0,50.0,pubkey
1b8f8b1bd912d814adce76c18aa45e5c3cf3b8887bfeb66e35ffbc0b64af39fc_0,0,50.0,pubkey
1b999398694feaa6c2d583d512bbe99db1fd110e7f2cffa149e08cad5f0f645f_0,0,50.0,pubkey
1befa58924955882ef900899b6135793e4512d593e22981c9c71273b5206f8e5_0,0,50.0,pubkey
1bf65bfe16dba06a386e229bb07c8d5e3f36cf8740aa306709a4d7923b2793d7_0,0,50.0,pubkey
1c3b9c8a47f3f6f29a1580df8478cfc692c5a2f6ba3bcbe0f9251f32170fd665_0,0,50.0,pubkey
1c914135ea7443721a5c2c360b83f0f8e165fc7743292f9ffa98994f2c2ed64d_0,0,50.0,pubkey
1d282d062f4f90a2663d274c818ad6068d63ae7a13c98bfb79c93207424924e0_0,0,50.0,pubkey
1d2d4ff87874df163a3ad7d7657f075b6fc97f99537832ab64a4072d1430b386_0,0,50.0,pubkey
1dbbaa8018f395543ffa7d6efbed0e5fa0a5b139f7d1bbabedc10c321b9ab64a_0,0,50.0,pubkey
1e1481dd3fbbd51a635b6f3b93c5ad8e1f5e763297a094780c8512986da2e9b9_0,0,50.0,pubkey
1e3d32020b8dfb2b46adbf9be1a006b45b056e14874114bf0253acc4e39b411e_0,0,50.0,pubkey
20251a76e64e920e58291a30d4b212939aae976baca40e70818ceaa596fb9d37_0,0,50.0,pubkey
202b784e7fcbb28b28906a80d0b65a97cea04db8e34d26596efa55f8806a9402_0,0,50.0,pubkey
2038fd408bb42f6c8a0484c82e6ad2d11756cf7d6b47716ed663fa2addeeb1b4_0,0,50.0,pubkey
203c52303fba40a9eec5721b6c87b37639f5505bef1b53e36613d7c3bb4c9674_0,0,50.0,pubkey
2053541c3f536a401ccf10b58637168cbccfa040db3527de32b24a4c2178b373_0,0,50.0,pubkey
20ace51d65bf8324c4f7861eb3521d26732fba1f8a2c9d30b50462c2e8cd8796_0,0,50.0,pubkey
20e5895b437c56b1c42f34fc1a2a280dd9a4b339b3ee1b89ec87d3e2cb3ec1d8_0,0,50.0,pubkey
214cf5e003c073e162120b143f84b5552816fc27248205533f00b7e5042f2737_0,0,50.0,pubkey
2150a2a7e5d04a3aa83a2dab18c9056ec80937bf7e71ef1d422e5bb2530f25e6_0,0,50.0,pubkey
2190266c257e569eb34062471fd3d2327252ab5bdc6427dbc4531e2c8ac4e5e1_0,0,50.0,pubkey
21cb91349d6403cd296d60f94a52a2da4cc47c70fd7fb7f2ee33bd580c7b7c2f_0,0,50.0,pubkey
220bc0f62832470a1b88e668d85e0644ffe92573b01de17dc2d801170136c88f_0,0,50.0,pubkey
223b0620a8f1c1f23a2ebf8032ed11321b921017d01974e74cddd651319b5474_0,0,50.0,pubkey
2279d42002c293eeed5f24f5235ab8c417d6d7995fd99f435664e60a49fb615f_0,0,50.0,pubkey
22fdc90e3eab5e4387095c799e81f9e5791caba5f865954bad77a2c04737e7f7_0,0,50.0,pubkey
2306da842919574ed10ee9c211508b2bae2e8729b2fa5e83b4173831b89d2c28_0,0,50.0,pubkey
230cf03a6ce420eaa42e3c64feebb47920f3470efb4323b4574b4b6e5a004f65_0,0,50.0,pubkey
23e2ddcb0a75b0fb2f1321bf86e2b6050aee538cef8a42423b2c86ec45d8762a_0,0,50.0,pubkey
240074c357b073a794d4dddb19cfb656f2899a89cc2988ab78668efe46d6b74b_0,0,50.0,pubkey
242aaea6008ac8c852d6b785748cc46c8dfe1578d94a411fac3c5bd714b4838a_0,0,50.0,pubkey
246ca5a606d85731d2df876af8624f89c05fdb45d07d5aa106ec28920a77f358_0,0,50.0,pubkey
24a58ff56246d86edf8119d0c03323e5332e165c4e88eafd9796bf2c963d8fb8_0,0,50.0,pubkey
250de8101ac618582dfa9c3c482c8dc702ec100444f517c9da3b54423e49886d_0,0,50.0,pubkey
253c15199bbf9b5f7138984b052be13fc59668030d049734792c7fd821e096ee_0,0,50.0,pubkey
254169b806e05b3b2564127c3d6fb1e16d920bfd76a8b7876e0635fea53138ed_0,0,50.0,pubkey
256e2b962c907444107d36c26f03ea2d47a265bcd3a20d9bde43203ef3ce1649_0,0,50.0,pubkey
2589399db3e7beda1003703a99e366ea227b6b0d84480f0a0c00283abece0ded_0,0,50.0,pubkey
258dd358083ebcce80d25acdee99031d3ac5d968096ae6fa922b574b4b029029_0,0,50.0,pubkey
25fa27b01c23b788a67a6f7044076992397b11181ed4577c46d1bf3f91989259_0,0,50.0,pubkey
261a9eab38de62e4b5dc507514bb7af0bfcae8661207de816cf1fefffffe5778_0,0,50.0,pubkey
264299886446921c89e598ec2b1ec3eab6a2c9b0235b310ff513a039315ff721_0,0,50.0,pubkey
264e7238ddc574d5d6ded85d77bfcb69d99a0de17dfcdef0b7e97d430c4f202d_0,0,50.0,pubkey
265fdbe80440aee7691890db8e5c9479109b2973a3c44bf1e2af9295c2695ef2_0,0,50.0,pubkey
268a23c98e0b3c662ab55a51e3e3d38f5663924b7ad401bbd59d84f45a3a704c_0,0,50.0,pubkey
26fc51aa7e255e378551e051efd8fa1f64f1a62097a7c036d7ba11a7b8180d01_0,0,50.0,pubkey
272da16bce9a03c3aea2b294616e8e72e45dd29557938c10ed0848e62ad76018_0,0,50.0,pubkey
27c4d937dca276fb2b61e579902e8a876fd5b5abc17590410ced02d5a9f8e483_0,0,50.0,pubkey
28204cad1d7fc1d199e8ef4fa22f182de6258a3eaafe1bbe56ebdcacd3069a5f_0,0,1.0,pubkey
28204cad1d7fc1d199e8ef4fa22f182de6258a3eaafe1bbe56ebdcacd3069a5f_1,1,24.0,pubkey
282b861e411dc3b61aa06e9e13abf49bce5c571e21a19c37f738244cee33b778_0,0,50.0,pubkey
284a4ecb86e143dad168e76c1c8a9a802faaa56545c289d736462994f21eb686_0,0,50.0,pubkey
28614aedbf551e1e4c0ba85cfae326a0b17c7fe0812a7e814d8612d9936e19c8_0,0,50.0,pubkey
287d7292d35489fdfc814a11c35f1c7d34847e0fca849c5e96fb26b479da50a2_0,0,50.0,pubkey
28b48a417b03e297982e310534950cd2c82e67703cd0040855df9b7902ea2689_0,0,50.0,pubkey
2902a7464e53e63787a6ad8fca1e4b85b566bbf0064bbf28ce1ae183ee84d791_0,0,50.0,pubkey
295fad4bfc338409b3fbce82f53a2e6e16a627475dd9aea38d856fcfa0228753_0,0,50.0,pubkey
296590fecb1e02811be6c620e6539c57b57bf7184c090ccad4acb42974aca60e_0,0,50.0,pubkey
298ca2045d174f8a158961806ffc4ef96fad02d71a6b84d9fa0491813a776160_0,0,1.0,pubkey
29fa20fc18efdf02526af9c9629b5cca4ff848dc81c77fd8c4226d3e6be05175_0,0,50.0,pubkey
2a5726687859bb1ec8a8cfeac78db8fa16b5b1c31e85be9c9812dfed68df43ea_0,0,50.0,pubkey
2a88f8750845e0b6a86ccf42e4e0321fcd7e18f799f0e3f56356e4a85c978a1d_0,0,50.0,pubkey
2b1f06c2401d3b49a33c3f5ad5864c0bc70044c4068f9174546f3cfc1887d5ba_0,0,50.0,pubkey
2b2a848c2224f3c82c2d09f9da4082912037b30a74afa031f47cad49363cd509_0,0,50.0,pubkey
2b361348f1b00810ae521de7912a199d4e184a03b389892d3a89ad021eb9322c_0,0,50.0,pubkey
2b9905f06583c01454f10f720b5709e3b667c9dd3d9efc423c97b7e70afdc0c9_0,0,50.0,pubkey
2bd7e754ddc5416e579a9aa54f93e9aa53af3b9c0ac8194462b22856b806e15e_0,0,50.0,pubkey
2c84f9d7ace7f1a0b635226a0c2954ecf89cbaf5743f188f69b90082730293af_0,0,50.0,pubkey
2d05f0c9c3e1c226e63b5fac240137687544cf631cd616fd34fd188fc9020866_0,0,50.0,pubkey
2db69558056d0132d9848851fd20329be9cd590fa5ae2b3c55f58931f42e27f7_0,0,50.0,pubkey
2e24a01d4401af1b7f1c51a685af5794fab8b4e21a79516ba2e4dc8651d382ec_0,0,50.0,pubkey
2e3b0de1b9a3aa0079751ef19453acfe929805ac18a5b42621186c6b5312e877_0,0,50.0,pubkey
2eb014eb0def199ad346be8c579409938f8571811178e9efbca2ef505d036317_0,0,50.0,pubkey
2f5c03ce19e9a855ac93087a1b68fe6592bcf4bd7cbb9c1ef264d886a785894e_0,0,50.0,pubkey
2ff4eef34690b1c8c69aadd0d2ff6d8b5507829a3806e584811d78480aa79dc3_0,0,50.0,pubkey
3001cba440bde20f6b65437f5e9feb7e55d306b8e7b28d9fa27d7f44ffd66e2b_0,0,50.0,pubkey
300bc4662e5e573fec5bc2433c2301aa920099f708767ec96ed09681f816e61f_0,0,50.0,pubkey
306837de6eea47b1a9ff1edeb4a30aa9a4718a2e49fefa097576910af7ba3406_0,0,50.0,pubkey
306eb738d2d0cd1f287d919302c8edd5114f03d2ec63b129831b1676bc7f2b83_0,0,50.0,pubkey
307a857d68f4cc92a363d86a1e47d1a3343a4d4e61a48a245337811b696e7ca9_0,0,50.0,pubkey
30a915d2818deb5aabd7d6c337ee152f572043354979bacc1306e40cbdaa77e3_0,0,50.0,pubkey
312eacd1cf17e131b33a3ad35c89a517bbf640a9ae06fdcf7977d06941cb2cae_0,0,50.0,pubkey
31c50f13eb36730367828d8a917cf2fc79ea27a2bb059bcdd525fb27e42c7ca1_0,0,50.0,pubkey
31c8797c11bcb48f91b794b45fb999c2aab7902ab4e3e55f2ed28838bf2065d4_0,0,50.0,pubkey
31df41cb92e000cfa5f0403bdbe41e5a693b01821b0ee9b9583afeffaf47dcee_0,0,50.0,pubkey
3226a75aaf23565ab1f4b4d3cf7f945e188b1ef35d14bba50bd3ee05df985490_0,0,50.0,pubkey
32cbb7e4d08f02fdd78368a7a03ff54c13191d1023aa1e3f157027241d9840ae_0,0,50.0,pubkey
32edede0b7d0c37340a665de057f418df634452f6bb80dcb8a5ff0aeddf1158a_0,0,50.0,pubkey
330d3cff164f1e6f9900315dd2c8a52cf88f1572f0a7f367fca0b65442918839_0,0,50.0,pubkey
331ba5665931e132571f1a337407add0f71f200d8644c5a4e8fec0d4490228ac_0,0,50.0,pubkey
336e7ed6974b3a7311183c17ad195d99b9a67c0be8e39c0d07cdf7f692b4ae68_0,0,50.0,pubkey
33a4592d4d8dc04304361ad7bcd96fe23fa801db6d7d917074f75c732079a569_0,0,50.0,pubkey
33db652c79452f6fdaca7e073eab0319829125e71e5a5e8ccb837091cb788e47_0,0,50.0,pubkey
3438117001eedca26a917571b11e684ab3a4b1ca172fdc0ccaa3cc439b211ead_0,0,50.0,pubkey
34e34f49f383939bff4725edb9e6f3e8e05bd295a01a2dc17b1cdbda4d7f8ce2_0,0,50.0,pubkey
35288d269cee1941eaebb2ea85e32b42cdb2b04284a56d8b14dcc3f5c65d6055_0,0,1.0,pubkey
35288d269cee1941eaebb2ea85e32b42cdb2b04284a56d8b14dcc3f5c65d6055_1,1,24.0,pubkey
354fba7bef9a8ff42a99b3b5776ba2970bd04efc4c3ec9796b1aaddf485c7808_0,0,50.0,pubkey
3559564682c53f13db90079f3afc0f54cc6c7a81ad1fa5688e17ba21d6296345_0,0,50.0,pubkey
355d10bb7aff8e7875c93776e391cd1530e5321f8b39451aa09670c1f1fea07c_0,0,50.0,pubkey
358688a97d456fa082d6bba91681445ffa54fb539afd5742809dc45d5b8bb7aa_0,0,50.0,pubkey
358a350af0f310854a2abf3505f1890a9156b76df88bdbd66c8557a69b14c2fb_0,0,50.0,pubkey
36292df396be05354a267d3dc8d9895fbac2d88b65122c97ba8e0bd3c2946054_0,0,50.0,pubkey
362f1da2f76d1096dae5c946cc7912189d4d6a5eb2cda130aabd6c618bb7dd71_0,0,50.0,pubkey
36f436ef77b69423d639aa6159aaebc036de5054a309afc21d4927ae4b5417b8_0,0,50.0,pubkey
3701062be62913c74ecc3095e70736891ee3e5714af53718daf56ed436c30a87_0,0,50.0,pubkey
3716669040f2e8f77eb46581d6e4c03db432e9ad9f8a6db0da4b304cdf7cd022_0,0,50.0,pubkey
3745d12ead875f761697c23f8571ad8e74b065349864317fece3f96512b160e5_0,0,50.0,pubkey
374d0815726b8c77ff5a80c69892c09b2560c14b377c2c0f270b0aeb4741c869_0,0,50.0,pubkey
3797c09006aaad367f7342e215820e499bfbb809f042c690fb7a71b8537c0868_0,0,50.0,pubkey
37b1cdf50109c5a5cf6a4eae97f370e033e17ac6cea1abb0e38ed130c2d7df34_0,0,50.0,pubkey
37ec3f532eb4c95e636d2233aa6c23efff7e4b6427d9e41b134ef45cf86b7f3f_0,0,50.0,pubkey
37f151c4408b422d5e206176c5aac3d2d6521dfe1c11fb1099c440db59e3d679_0,0,50.0,pubkey
382501ac2d50c5944465c2c316dbe2c70f23dd0de73ea86d339ea5f2bca7b648_0,0,50.0,pubkey
389cf9b9fc51d668dafb9dc6b9a24b8fddec5f035235a58d4a62919b39b078d5_0,0,50.0,pubkey
38b5528efdf657b6be24e80e57bb097e65bde74bc653c8f2cf0b9bb6bba51d1d_0,0,50.0,pubkey
38d907cc08db97a47c2a6e789daeaf6343fa107c5e03297a8bb709373ac17eff_0,0,50.0,pubkey
38f28bf4ad7118fa0145ba1425ebf6b1559856e3e9eae603966dd20b8bc9a48e_0,0,50.0,pubkey
3949d0ae1e01cce3b6073389b628a320eabf93cbc34afebbea1315a397403b50_0,0,50.0,pubkey
39ed112558fd501424e3b33bbcbf853ef9f24536ef0f8e6fbad2f5c5098173ad_0,0,50.0,pubkey
3a4d6313e6f76ed7d51b5fc8565eefa50aec7fefeb56b5fa0498cf7c5f3ab306_0,0,50.0,pubkey
3a6d490a7cf40819cdd826729d921ad5ab4b8347dfbec81179dd09aba0d25b37_0,0,50.0,pubkey
3a7d34192888fd742d14184111316f8c1fa503a34c6b2fda82fe61fb51a10381_0,0,50.0,pubkey
3ab4a68cf8813e8ec54958512ffd7ad7e89a81841b1b4cade296eccd1ed49169_0,0,50.0,pubkey
3abd3ac1b6062f6393e0c62b4749f38a0acd8e7fba7f6702768553c545655771_0,0,50.0,pubkey
3af03a7d617071c82737d04c378a2c607a95f0bea275347fd6ac75de260c771d_0,0,50.0,pubkey
3af22d6c1bfe8633f09307820affcc79cace1a39d9d3c7c5d1d4ff271bc1b63c_0,0,50.0,pubkey
3afb973177f5fc9a68036d1bede0cb163487d1fbd5c8973db7a1cbecacc5a714_0,0,50.0,pubkey
3b44b5ce02d36db604f0d6b7cc761685484c370a235c54539700b1ad23afefce_0,0,50.0,pubkey
3b4fa5050b6c63831ae924805a3247ce5ec640523a70ad9d6da0a36a51c0fdff_0,0,50.0,pubkey
3b5237257da3efe8eb36276b37469f219f074bc9b5607aa970c6150a7242ec3d_0,0,50.0,pubkey
3b8ab8eab401025167574ef585c2135d6f54dde547d75307674aa854bbc8c668_0,0,50.0,pubkey
3b96bb7e197ef276b85131afd4a09c059cc368133a26ca04ebffb0ab4f75c8b8_0,0,50.0,pubkey
3bb1fd25f0276d477e1a19ebc00688a13502658ee0b84e303890dd02c571c8d6_0,0,50.0,pubkey
3c0023d96eb5f0673ea1e8297baae0f64a35a6ca93df63176b0c6cf59240fb77_0,0,50.0,pubkey
3c0db11484606a63b04ef4b8adcd665655939d3932ab1ebe90d1dfc5f077ca95_0,0,50.0,pubkey
3c1d7e82342158e4109df2e0b6348b6e84e403d8b4046d7007663ace63cddb23_0,0,1.0,pubkey
3c1d7e82342158e4109df2e0b6348b6e84e403d8b4046d7007663ace63cddb23_1,1,24.0,pubkey
3c25b20d4959008a6c0d204696a7540ca3e66f6ca146c69230e3034c67781ac9_0,0,50.0,pubkey
3c6f58905f06a9fe9b4313a88827c43dbfb0156fcc3b17bb311d51e8be6746f5_0,0,50.0,pubkey
3c996f03b760cfee63805e1e0f1776316b2ea9bc9f06476f7655d51c68dc4841_0,0,50.0,pubkey
3ca77265fc69a1d21dff015b8fc253bee9efeab77e8d3f511edd4cd584dd9562_0,0,50.0,pubkey
3caf7b5832b0be3621ec166a3560e90bf267485a987f6d3e99b1e142497f2ae0_0,0,50.0,pubkey
3cbcfdf7fa3c6312ee0c38dc2263cdba176a0012ea818ef99f833115f363ab11_0,0,50.0,pubkey
3cc7f0c7b1a85f9ce1781dd76cd4880275ae739baec539474f14f876b47a648e_0,0,50.0,pubkey
3d46433b9c7cbb0345b88dc032273a8d41c9cfc4290712bdbf39a1374be55236_0,0,50.0,pubkey
3d63ed24652993ad034b396961c1fb4fcf7a798efb6b3a5c3b7afa427e89deb0_0,0,50.0,pubkey
3d84bffe18ab5f145aee829cd174e959fe8ffc596122d5e1819381c7045d693f_0,0,50.0,pubkey
3e0700022ee439f07d77033161449339f46a90e408290af3f65259ad5e724977_0,0,50.0,pubkey
3e3946e76ac0b59a432fc789fd7888b100a50b39ff2f6aa8a45892e9ebb88d21_0,0,50.0,pubkey
3e47dc1bbca28fcf4290fa824d8c402773e0465811e8b0eb33a13f9a904f7edb_0,0,50.0,pubkey
3e4cc1f71c998d080528ae305dffcc01419851e0d7b5191edfada9528625bff6_0,0,150.0,pubkey
3e67f3f4a04b8bd0ac4dd33c2994b7db0a6851f66588e98f0fe8dbd51874b67a_0,0,50.0,pubkey
3e753e2eac1e76a9cee0196ca74d10ba9d2bf687e95bdd244333cddf259ac980_0,0,50.0,pubkey
3e87afa83283b05eb50dd5a6a124501ce784265022906c3245e2646396180236_0,0,50.0,pubkey
3e9b07de0da9f464829ea870439b931357dfbaa34dbb8a4ce6ecdead77ae9bc1_0,0,50.0,pubkey
3ea06ee850efdfe56068e643ef9238ec49dadc333c49c43bfccc248577d0d1c9_0,0,50.0,pubkey
3eb409c61a3314558d8355a9f2e5ab4470cd12cac3d3eb48c1f76282e8fee468_0,0,50.0,pubkey
3ed59485d7b1e1ded9c35a5a098611f5ddd7c1581923de11165b759b5fc8e0a4_0,0,50.0,pubkey
3ef208172ed0e3d4121a1640350277d5a61c6baa577ef26d51bd6b009732269c_0,0,50.0,pubkey
3f3c3521288c32c85172217f6dc0275740425e28d517f4b6638d7b282c409221_0,0,50.0,pubkey
3f44efc23687edae461827db9545731ec7232b1d681f1562911a25c0159e3539_0,0,50.0,pubkey
3f48ddd137f019fddc607b2368c8231b6cae3184df5f9a2ea44c60eda58b8395_0,0,50.0,pubkey
3f5d810e62022ae5c3cd46131a2bc64cf92a5a9b3b9ac316a814bb47507616dc_0,0,50.0,pubkey
3f6f06c81e268c6f05e3a2f1bbf22775415653c42491eba360b131de5888ed91_0,0,50.0,pubkey
405d3ee9b1dd0b9dc751e839ee2559c379649314fdde8fea40224d4eca763502_0,0,50.0,pubkey
4093d275ba3d11d9a8daa6c79a5d73c352aac4cbeafeed2c224fba1c4849950f_0,0,50.0,pubkey
40a6e22c4aad609b30e35b4dab23c7aad1b8e8b52e9e409b281c774d1ebeb689_0,0,50.0,pubkey
40c1585c90e2081d6e14e60952c16258b3ae2fed204d0879fda052572d03c705_0,0,50.0,pubkey
40e3fb372376a018f43cd39ca7ad6a1a0104e988bd0b70428ffa94894659ec9c_0,0,50.0,pubkey
4107bba48b61d7a1b19d9fceb836479de08f5c5af0c0b42a171ef5c022f228eb_0,0,50.0,pubkey
41b48c64cba68c21e0b7b37f589408823f112bb7cbccef4aece29df25347ffb4_0,0,50.0,pubkey
41d65efc188d9394e47987b39891254cdb35cdfbbcc5876193685994e8a6e6f5_0,0,50.0,pubkey
41fca09f4bba706f1ca59ebd601fb5ac18c37b4468cf98fa008a00118d241a68_0,0,50.0,pubkey
4231776c56a97967417881a329f44232d5fdd952d01b597a265a331af859cce5_0,0,50.0,pubkey
4276b897239b3f35a0d341ed09f7b8fc33da58ca2a641d82681254ec4efdef43_0,0,50.0,pubkey
429cb6f783a85f46b55ae3066d01dad772c14a53abcab4973182eb24413783a6_0,0,50.0,pubkey
42c8a250c0512d2b2e439391a66874684e1047325eab8cef8f786e82fb2abde0_0,0,50.0,pubkey
4309bfeed77a70f309da08bcf8948906b9cc26120c0b0ef86e0ac67284bbd79e_0,0,50.0,pubkey
4313ae9c4ec7155b35e75a44dd6d14d67df5de94b2ba13ddcf0593851242606a_0,0,50.0,pubkey
4343cabbabcf5f693712e40bcc2790f703bdc1c42b729dd1d8806cc70d976ddb_0,0,50.0,pubkey
435264846bafdb75b931b2b1c01285432d957d70190e51a73c1565a7afbb1a5b_0,0,50.0,pubkey
4385fcf8b14497d0659adccfe06ae7e38e0b5dc95ff8a13d7c62035994a0cd79_0,0,1.0,pubkey
439aee1e1aa6923ad61c1990459f88de1faa3e18b4ee125f99b94b82e1e0af5f_0,0,50.0,pubkey
43c39b8b3728c6cb26fae0fc18803ca6cf43e15fde218e3dfbd54e633cf6753e_0,0,50.0,pubkey
43f440c49de6de50c2d09b459d087828d5115f40d81ccb4119a3119c7ff478f6_0,0,50.0,pubkey
441a801f95495d5460b5d0c1e16cbe9fa49a5c5df6d1b309049ab63a38e6a856_0,0,50.0,pubkey
443ff5269a744272769e03fbc0d8db6f2201f1db65c703bf037f4e63f53d889c_0,0,50.0,pubkey
4451cf99a232a9f43f7726989789a4fa62e4ab14af507cbe864bf9bac64281c2_0,0,50.0,pubkey
453a04de93a860a6ef92634f57bc44cf20772f720255b1294e29874bfe0555ea_0,0,50.0,pubkey
4552bd87f70bbcde3a1e5a210e96a40aa4e5efaabbfd37e4b0ae5367e349f916_0,0,50.0,pubkey
456410c6886b0238a4b40c59743d581bede61b7dd82f10cba6ffa380491c0047_0,0,50.0,pubkey
468340002803a8db9740ffd3a9af7a3d9bb278158acb5179a0e7d48dc0713b40_0,0,50.0,pubkey
468c9b63d34b1d662715b47644cb24c04964ed27620bbf284b0fbbf95077b7eb_0,0,50.0,pubkey
46b82623f888167d7dce3ec250aed703f5e2cf4b2b3737803d23c5be9e2136d0_0,0,50.0,pubkey
46e421bd0d33659cf4be11abfa1b864c25a0e5671a646ed6e7c81d3a69211700_0,0,50.0,pubkey
47040a453f9eeda76f870d5f3d6bb6e61ccb2cd24ec9a892b7ac1dadfabd8364_0,0,50.0,pubkey
47059b8be91745149780c92861e30c3d1818fb7d0e3be03487aaa251ed9ddc47_0,0,50.0,pubkey
470d7a126a332290d7530fa5ae9c6615b5ad0ea2a2d52c0a80ef536c91632fa7_0,0,50.0,pubkey
4711b7598217019b9bdbbb23689908e88a76886ba37ab2f1b41a0e7230440486_0,0,50.0,pubkey
47b270ab93cb81c8f47650fe0fc609d88a188a83440b7c6e9d0441b733a4b0ed_0,0,50.0,pubkey
47c981c4193d62d9d33b59fe1a6de9c27ff78d9f9003325b61e686a720673626_0,0,50.0,pubkey
47e3078794901a499c4416873ad37cd47acbbf7b36bfeb2a8b469ced0e2d40a9_0,0,50.0,pubkey
485b1a237ec9ae57051e37ea4f2db852373cef6ed32d7f18869c0359e5972296_0,0,50.0,pubkey
4862731ba92273eb20dda278569b894003fd4e18a90c584a08b8bdb687431aae_0,0,50.0,pubkey
48fb3d15e828a31aab6ae17b6f5b14333d0701a9358f9d2ea57655c32cb53b90_0,0,50.0,pubkey
491daa5e476f3994cf533fc98bc8235faf36237be41c242eca1568c86f9ec99a_0,0,50.0,pubkey
49203e3de10ef224649f86efe80fc40bbaa30bc2ae069204724f0d33dbc744df_0,0,50.0,pubkey
49be42084d61986fa0a325f0406162a97eb8f2e395a4f24383b883fc0508ccb1_0,0,50.0,pubkey
49c28111bd99ecc06a5310d3c84ca6a09684d50bf6057e559d84d78067ec47c3_0,0,50.0,pubkey
49f9a1d850f86726acdd68273fd2e33f85c2210c15f36b1eb9d818a07139edee_0,0,50.0,pubkey
4a1c9e5404dd08f932998be36ec7ad9878b03504212e2a0771373bcdbcae07ac_0,0,50.0,pubkey
4a531c0c49f0e44dac7a13dbbe532219f678cc40bce5c1ce8c039322c98fdd18_0,0,50.0,pubkey
4a5e1e4baab89f3a32518a88c31bc87f618f76673e2cc77ab2127b7afdeda33b_0,0,50.0,pubkey
4a91dc63def53fa07da7f292ca85e221dce97f20f78f41d0a6b0aa1c77021913_0,0,50.0,pubkey
4ac8452db8815b56bb37f14b1251d52d14a9cef1e0519c16a5a67cb9507bca94_0,0,50.0,pubkey
4b2eaa4a5da7d929fc652e089d7d1b86948fdf920ef430c03b93172fd4e6a721_0,0,50.0,pubkey
4b4642c2f07835ca1299b7085c08d8702d66e659ff8dde9e6091661834860b19_0,0,50.0,pubkey
4c332bbef46df9b9a0bb8119d5e5aec7af836e7f3c9e920b0564c12bb3614cbc_0,0,50.0,pubkey
4c4c29d07679bfdad5f037ba429419d206a656782d5aa88ecd728a0033ac1a67_0,0,50.0,pubkey
4c645f958c36454b3c6aa22e1c9096cd79873cadf82131446c892921cb50f54c_0,0,50.0,pubkey
4c8093cf8c6e5404bd4448d98d576c93d7ff0bd51a2d9a679a604e731d33df13_0,0,50.0,pubkey
4c90008a759d98f976225da08edf81e8b80f4dbf399e74d6d7574587b90129ce_0,0,50.0,pubkey
4cb9f652eff11c0ca4d91950540f82f7aaf0d3dfa2b650234633640149915b3e_0,0,50.0,pubkey
4cbab81837d6d51fdcf68f4c447a8ddfdcd31b8cde7bbe480815a3479b6e987b_0,0,50.0,pubkey
4cfff6b0df4bb66e6ff4d4bfeebf25b61425a81ff9b590603955ec6f840756c6_0,0,50.0,pubkey
4d6edbeb62735d45ff1565385a8b0045f066055c9425e21540ea7a8060f08bf2_0,0,250.0,pubkey
4d8ff7ae5fc60f67069f0b4dd5da0d85ae9b64676c05cc01ffc500cf345b14f3_0,0,50.0,pubkey
4d9dc317a39e2bc9bb1b102090056a046c84c92c5988c897afa0d9be0dea6c79_0,0,50.0,pubkey
4db3c5ee3446c90c30841d1c0ae3c82fd7e9b2e870d2e6dc26cb2bfd45b32425_0,0,50.0,pubkey
4df3768c2441a3d1e21e7243ca170d9b5b6084de9c122f72cc3854ea62988310_0,0,50.0,pubkey
4e0c7429b03410234e029ee0cb38f9fdd13f28cc854dc6a8b9d9dc9d75537c69_0,0,50.0,pubkey
4e7b39f97978a303d611147698fa5df474a1cef55e2e47ded6a31122171d8897_0,0,50.0,pubkey
4f70d8fc8f818d29ea962626192f4a7a09a114ce7806db4a3388cf63b7d8cb90_0,0,50.0,pubkey
4f730d9ea9f3217440df67d200d74f49b2f6f5f794674ba3b24b5c905c1c937e_0,0,50.0,pubkey
503b849e628ef733ee0b0d9dc152f96e78a083afaee5c84298c2855e1d80c9f1_0,0,50.0,pubkey
50748b7a193a0b23f1e9494b51131d2f954cc6cf4792bacc69d207d16002080d_0,0,50.0,pubkey
507f58343e780b47345fd9247a45e58f543db79f96a5e0328ff9f4e373cc31bf_0,0,50.0,pubkey
509cbf04b709f7f643fe71be1a97f8c494fd103bbb06809ac84ec2a4c3332d27_0,0,50.0,pubkey
50e8da79b6aaf9101667a3e13358c712eee61d565a887ff3c5e00b922b88f070_0,0,50.0,pubkey
511c645d736c3e5fc25b8fc1a507da81285be6d3f09941d712ff0e870b0a78e0_0,0,50.0,pubkey
5131177fea9b1937808d86509587ab3a2de0adc882085531a63dc826cc7618c2_0,0,50.0,pubkey
5155aef0cb328d97ba9ce4f9e8a184af57492f071707b8a525a98ded5504a691_0,0,50.0,pubkey
516ddeb08d48ddce1682a0a81f8f1b73fcc4483978d2798d00bdd4a525204ef6_0,0,50.0,pubkey
520913b56d1afaede2eeda719e81b5b85ef943f0ffd6d367848c7e83063180be_0,0,50.0,pubkey
528142b32cc3ada9240db552b43090b1b7efe63672b92476cc162826449f11d4_0,0,50.0,pubkey
52b9d1bd1bda273869d0442d41b3244d45ef7f0a386b313dd56debf9485cb1fa_0,0,50.0,pubkey
52c81ac33227ec10664ba42b9869fcbb2ba74310e7df9ea972780ac04357d029_0,0,50.0,pubkey
53faa3a83101c1648981b50df9de5d6facfb4f7c614623800ad9d3f38f1b8bf2_0,0,50.0,pubkey
540a7e54fd64478554519f1b2d643ecc888c5030631487f9cfc530b71d281309_0,0,50.0,pubkey
5439c37c4c6dad4ad93b1d5598d57f1aace9d0f68b892236da903b3f136451a1_0,0,100.0,pubkey
5465da8f17a7ff8dc2e381faef3b36515efce1d72917463f66b43c5522b31d17_0,0,50.0,pubkey
54a88c0fb7e8879452acdbf9318120361189ca36154f14322a4b6dc127018906_0,0,50.0,pubkey
54d5c9c1d183a33f02d77f7a3c92a640d1721227c8ca476489bdd0b9b81ea3ae_0,0,50.0,pubkey
54fd10b70a3a512cc22918142a46efd046e406d965d363495ea78a418e0e44c9_0,0,50.0,pubkey
5571d2f1532ce3e747f8843bfa92418ae3ebac6865769126814ca5ea36f12798_0,0,50.0,pubkey
55a6ec0df293a3bf380c094981f44d2a402798dc39dc6a4a0cd29f70bf1bc18a_0,0,50.0,pubkey
561eebc615218a12a9588ac78dde63aa56f3b1b43eb17174d2f093d1e2d1ca73_0,0,50.0,pubkey
56895ea1f357bd7d71e000e547218eed488ea4f2ed2e1a97a1baa826e18f33a5_0,0,50.0,pubkey
56a198d8fa14f10e6f7d7df7b14ea3bf90cf20f98bd4bce89a41e423b78f5236_0,0,50.0,pubkey
5702928a472bcf4818940fb65575c9d2819ab840005ab998fa17b1741ed86357_0,0,50.0,pubkey
570f2d99e5590ca7dc6812930dfdbda651d0d8f95a9d230e8c51bc60acb29b0c_0,0,50.0,pubkey
57bfccbd63e77f496e6f4b4e04d4e30c9675582752ba127a446c8ee6fd478f7a_0,0,50.0,pubkey
57daec256099dbb55e9f2012358b0123c5c0530b8cb82c12cab48031f129c793_0,0,50.0,pubkey
5812de6f77fcc6c89c2eff87cfff92bb30f0a0d1a828bda5c5f6973c388085fe_0,0,50.0,pubkey
5889a7f8bbdaaad6bef9d568a27a430d4eb60750f9ef94fcffbba49581578b77_0,0,50.0,pubkey
58bc6146b3977c03d5b89de31d7041b5e52151d36b388c4e55603f5440f45a9b_0,0,50.0,pubkey
58becca2c848749afc28feba09088b6dc2968a95be41f2109ded23be0fb8ad75_0,0,50.0,pubkey
58cd41b9ab6ef3c2daf1314392115f3ec60a40bfbd021648377fa70b859dc506_0,0,50.0,pubkey
591e91f809d716912ca1d4a9295e70c3e78bab077683f79350f101da64588073_0,0,1.0,pubkey
591e91f809d716912ca1d4a9295e70c3e78bab077683f79350f101da64588073_1,1,29.0,pubkey
59a07e38ab9e04bfe7a8277d1960b1407af81cb515d5f1df3431ed40eca1f135_0,0,50.0,pubkey
59a89b39a39db71b950be0dc8677be71a853260fc0250ef25e71fb0ad8196fdf_0,0,50.0,pubkey
59bb9a65d1d533803837721e8a028470c3094d0ccdbcd9697af2eb855a1cc183_0,0,50.0,pubkey
5a1bd6a01373df7d4250adc3dec051bc12c020f04cdecb063526d3a21d0c128e_0,0,50.0,pubkey
5a3280bf1c7027dd9767a87605d8163c975f3ca684d9fc4449515efc67e98111_0,0,50.0,pubkey
5acba2e13fcd823b5541403a2e3e1b7e96ced0663b957710f370842776bb4f47_0,0,50.0,pubkey
5b24dc42ca0b4e488e90e792b52a32eb5749b3c762cd377ddef24ffa885e5f30_0,0,50.0,pubkey
5b340f8c400f59467ecbda0c7f43bdba6e021668424949a02eff377b17b04448_0,0,50.0,pubkey
5b3f0a651529bde1ea8f2368d631752be0e28d1fd5f287cc86d63ae0983a1ac2_0,0,50.0,pubkey
5bc9bd461b455db119181c060085bd656430d9d431bbe4539eb0e367e9c77ac8_0,0,50.0,pubkey
5bf65baa0bdda46e32f558cd0172c0ea4b9ab5331f19467333c3c8ad665bf33c_0,0,50.0,pubkey
5c1d92e7aeaf5c1b79586f44fbd9ba5199f0ccd25aa99ec09fe2e7ecc8f380f9_0,0,50.0,pubkey
5c27fd414e4c9ef031482d6f6c1fea4de73613dc44163982f08d90697706645d_0,0,50.0,pubkey
5c4c653395879f5992949b3e28bb0be7b27d49e9e11d64899c5de30928d4ad99_0,0,50.0,pubkey
5c8605699ca5c4ab9a4ff4054d04c253331f20e8f338a7482cde878f5b63bea9_0,0,50.0,pubkey
5d2d95607234eda24de4fd6958a36877d17858adbc9c086266477de623555248_0,0,50.0,pubkey
5dfac83c6969b841506ba52480f150e4b978327de8fce5c551e5aafeefa0af18_0,0,50.0,pubkey
5ed287fa7b07229b53b15c6ad95ab49c1c222aa0fcfa2dd6603fa8492fae54c6_0,0,50.0,pubkey
5f24c920f03072d0e021d1130b6714ecaa3c2c82ac220bfd96db68922675a82f_0,0,50.0,pubkey
5f2619474282ce60491d61026fe5a87c985be35774723b1b91cc19d331db59eb_0,0,50.0,pubkey
5f4fb51444bc0fef5106a83b2ed929323370bb23b94b3f87908351100fb89d5e_0,0,50.0,pubkey
5f6c6965593c19c55ea077d820dc1b49172e92e7179ac02491396c96292b6f5e_0,0,50.0,pubkey
5f716bfbb5be57a4f2283509938898cffe7971af12adb152a058ac02405c85d8_0,0,50.0,pubkey
5f7694d702a9cf2ea6d3f0ddda1a4c488c507709b5440ab5a7aed4a74f4e5401_0,0,50.0,pubkey
5f9aa6e1717102b9a059c223901fa36842c8a9db462d58a0ba71177c9ed9febc_0,0,50.0,pubkey
5fccad788f8a2bb7fe47c2bf83805e166f88b6ba9a6b5a49f238c988760c5f7a_0,0,50.0,pubkey
5fd9ffe4c3092162852b3befd8bf1115fc8d5f707d51dacde01e32f586a7ad07_0,0,50.0,pubkey
5fe6030e8a649b3b3fb257303e89a06d6556226e24118b494f9ccbba06e96254_0,0,50.0,pubkey
6057ddaf5005be3a205bacc8faf97e3fd6348d655e5ce98917ee116ce47c9b01_0,0,50.0,pubkey
60967e291dd8f3e3e817d6aa6e2e86d754e0b99f037f6b3f7079367ee7a30952_0,0,50.0,pubkey
609cb081fc3c8fba496507ac33948de3ce6f145a6477181fbf817f82c69bbfaa_0,0,50.0,pubkey
611b40973fe68cc42b70ae5af365a449af458d76086415c6fa6c45364c36278e_0,0,50.0,pubkey
614b9dc455514ddc167bac5c089e0e17c49f310c8f58c051816b499049ee9f32_0,0,50.0,pubkey
61d8ffab3efc5d3c107d8bd219c1a00367e386e0a8d625f2575007917619fe95_0,0,50.0,pubkey
6229511483becd964893b5994aa7a2876d7435bc0c70cab7bfdb1c6eb3703d8c_0,0,50.0,pubkey
62d1e4c550cda986044de5d730fa6933180e29daff468f133509b61db437168a_0,0,50.0,pubkey
62f9935f1317d33df5c864c6587f01d144466bc20c076eb8e4abf9c27387081c_0,0,50.0,pubkey
633d885165f7a59d3223663308ce41d3f36eebc3862fce4897ce9c2180b229fa_0,0,50.0,pubkey
634ee14bdfe2bbeee3bfb082f751f1e0603a5735ac880b2e36f7445dfc161082_0,0,50.0,pubkey
63522845d294ee9b0188ae5cac91bf389a0c3723f084ca1025e7d9cdfe481ce1_0,0,50.0,pubkey
63722234d931137e97fbd0e76ce4d0b5493cdfd6296fa1b534646c3e61480946_0,0,50.0,pubkey
63b2a36d6db20c3beedb183bc8d3e54749e4194d683a62f7f5ede1e408ccb2d8_0,0,50.0,pubkey
641518afe1f3203694a0ded508b5520f924ecc824c4137195fa7d75d1cb517fe_0,0,50.0,pubkey
6477f24bbc573964f3840ecd692cff994f829ef839118926651daaf8b56e7760_0,0,50.0,pubkey
64c195ad911554d3cbfbed05f78b5aa9379a0f98600305b03469cbb70ce13d5c_0,0,50.0,pubkey
64e47ba6bbd9021d25d4cc176609d169af540966a779e3f773c7f40fccd2283b_0,0,50.0,pubkey
6564bbc764f693e45d0cc173e3b4b4ff20244e9dd6226fab1e3a3a9bcb3e1e5a_0,0,50.0,pubkey
657503bcf2bafc423cf2c3d2aec559e98cacedcbe0427460e6f5b4d1e3b02cf1_0,0,50.0,pubkey
65874fda54b304d965905765a590fac1ba46585a38e3e5e48db216476caf011d_0,0,50.0,pubkey
658ccc93eb264b6df511e8ade85712e353ddea5e0cfba4658d9836e111f8996d_0,0,50.0,pubkey
65b9a796af92c30f995011ff07cb8de737f1322e943bdce336a4e70317d5da19_0,0,50.0,pubkey
66433e2e8c839048849f59c6d17035c37dfb8a4d8d0a007de09257c63c293ca4_0,0,50.0,pubkey
664c809efb6f90980f741f909bc3413f2eaaad15df0ebf065eb8c32d39987c99_0,0,50.0,pubkey
66abb33619ed5473434960d89a201a9f15e68ddeea426092699b5d20372dfed6_0,0,50.0,pubkey
66b2b260ae4964b7756725729b8b6d56b1d4cd19e3ffdaba2cdbec3babaed948_0,0,50.0,pubkey
66b5989a35a9a50b63617b5d410a6376e2df36fcd6c8355a8b8a56c568c3113a_0,0,50.0,pubkey
6700d2bae7901897a00fae25044fb19c1f3c2dac07deac8a7ff5bff4efbb51d4_0,0,50.0,pubkey
670ebd382379ffd751b0ef144f819223faac4af29c13cdc2bba71a092b2e8ec9_0,0,50.0,pubkey
672778aca436894888bb63d7a37d2f67c5942caca93942ee2e98143c08f1f46b_0,0,50.0,pubkey
67c1e8143bb6ad221a4ce77d6c8be68f2e25e0743f51b2db1a7b22bab59014dc_0,0,50.0,pubkey
67ce99e1604be37cd67d18779a3fa7cbe758fd20f56978f6fc94077c7955aaff_0,0,50.0,pubkey
67d57cd5c0ea4f919844bb981a306e7c4fcc9232d8179f34edaaa8fae7abd4af_0,0,50.0,pubkey
6847c6128254b7f10a1fe0168efbd232d1793e9fc17be729bb153f1b31fc9216_0,0,50.0,pubkey
6895db7ca5c144c7fa264c8529b4372cbe6aaf6497a14afba33594ab1a4410c9_0,0,50.0,pubkey
68b992960834c18da656e205f09ebbd59fca42566145ee400adb4834a0b4991d_0,0,50.0,pubkey
6959b3dad2d2c20625013a464b5acb2442da2096a1243e0034e1e5a984b1e10c_0,0,50.0,pubkey
697888642a848cd90c3fd39336f19747571abfaba06e30c13468b0ec753833e9_0,0,50.0,pubkey
6a0cfec3af78e3365004d12f10ac35b6d7e87bcc3730be3d0b80e89fa3ceb6f5_0,0,50.0,pubkey
6a71cea2c4e66ea163932b1ea199c1056f6728f3e1287946ed2a0892b918bf0e_0,0,50.0,pubkey
6a78211e4a48023211a5b736b6096347f3a1f5d751659f91228d34b2ebd5664f_0,0,50.0,pubkey
6a8226ad9980693ffbf41a15a1118fb73a9f68cda9c0b9951490bd03cb70d1d8_0,0,50.0,pubkey
6a88880a33d8b5915704f921583189270381f85eae48087f7790aca5f291bfb2_0,0,50.0,pubkey
6b0f8a73a56c04b519f1883e8aafda643ba61a30bd1439969df21bea5f4e27e2_0,0,1.0,pubkey
6b0f8a73a56c04b519f1883e8aafda643ba61a30bd1439969df21bea5f4e27e2_1,1,24.0,pubkey
6b272b55dabc0c54fd2f190ccd07d7b86d9de04a8ee8721638fd1bc29b8d67a7_0,0,50.0,pubkey
6bf363548b08aa8761e278be802a2d84b8e40daefe8150f9af7dd7b65a0de49f_0,0,50.0,pubkey
6bff10c43dcc68b5e19eb6da2d57a2237cabe57d0b54f7a1253218d58dcc4664_0,0,50.0,pubkey
6cbc46177c0501f9eb799517a41d567856e9153378972fba4cecdeee0913c85f_0,0,50.0,pubkey
6cec9aca315f491c42c5ae9d838ea4202f10863eb08c87613b446e9eff643ca2_0,0,50.0,pubkey
6d344eb5d67ed329a1c1d7603bba4b85d5916435b49f7a585bb370b76820287d_0,0,50.0,pubkey
6d5dc1792e1fae2b0a2f51491ae97da30c477fc8eecd0e1b2d977650d74dbb67_0,0,50.0,pubkey
6d60f589667778cc6e7c59ea0af29db97dd691386b64947b5abed69aaf151a27_0,0,50.0,pubkey
6d9633cefd02ff96e95cad1c59373cbb489e9017e54249ea2ac9e370d011ba78_0,0,50.0,pubkey
6da8ff544be18224705db9dc0156c47d52d05f104986369a9b9d50959c4c8171_0,0,50.0,pubkey
6de985374daa7c0e165325d8a1d28173bcd50a89e4146f1c4f835699a77e0ebf_0,0,50.0,pubkey
6e56c9b6db17927e5965e36e1e61252a4e393555886ed747b96401f1fec4a53f_0,0,50.0,pubkey
6e83c14dc03aab90457e0fd9c305809189c42d86ea415ac7887931e5d76534ce_0,0,50.0,pubkey
6f7cf9580f1c2dfb3c4d5d043cdbb128c640e3f20161245aa7372e9666168516_0,0,100.0,pubkeyhash
6f80ca7441710cf0942cf99e3e8aa59d38d73b124730306afeb1aec8f08fd76b_0,0,50.0,pubkey
6ff777142752ff06562e95e172c521755756b7045c76b987ded82d8d8b4436b8_0,0,50.0,pubkey
70139795c7d79f2205ebc0092bf0aa19a0ffeab0a6fa0416b986dfb3c3d03fa5_0,0,50.0,pubkey
701ce76c033e0b03fa79503770a5874840373e30cd9c1eca472ec66617f3a3ee_0,0,50.0,pubkey
70587f1780ccd2ebbace28a7b33d83d19f4362f10ff7a4ad88f8c413883f94b7_0,0,50.0,pubkey
70a7de774e7ce62e55460baab990608f9b9564615846aaaa3c6cd7e93af73f7a_0,0,50.0,pubkey
70b8b6b9f6b4989ad63a19001c311c141dbb6ecdd060c56ae4f05bb507f95836_0,0,50.0,pubkey
7146f458cfbf7680aa20bdc976a72c303d74b41e61b18deb6270278508d18fa8_0,0,50.0,pubkey
71cbe112176d6dc40490dde588798bd75de80133438016a0c05754d74ee1925a_0,0,50.0,pubkey
71ec402380c6cb4495d1f3c64be339014bc0134d896f61a18996bb519e4a5f4c_0,0,50.0,pubkey
722ab4df9e1fae9baf3f5afd280459dd40a1ae5042b692e7d4dca515e8e74636_0,0,50.0,pubkey
7242b388acbc0ffc05a8c50c2eb9c22d059a0db82bdd0071351a2804a4d20947_0,0,50.0,pubkey
7261a156ddd561c8144eed6956ada63bf53fa015ef84f8f2b06d9928caf320bf_0,0,50.0,pubkey
729c429213b0de74f61a89ad7da09fc63143e16c7738c1b59130f283e4991dc9_0,0,50.0,pubkey
73a4ce71aab2077ce17239c9f31922571e703a26d2c212daffae2bb15bb898ba_0,0,50.0,pubkey
7439541b9f831082d7a9de2586e52edeedca81735764001d116c2a61bebae135_0,0,50.0,pubkey
746f072f376eb17dd3699c9589e5a020bdde959146a063a3113a0b72767f9b78_0,0,50.0,pubkey
749845497284ecf84ad16baa69d342d5c828403a53d5df3dba1d6743ad54db13_0,0,50.0,pubkey
749dae073371bbe5a1ddc5b127c1f7a6f81afe84740626570eed953cc5872401_0,0,50.0,pubkey
74e079947de6fe3c46f263d35a22a82a75b52d53f2aff8190cd2732429e1a4ab_0,0,50.0,pubkey
75d2e46a7ad72b09e5dfb4c445411c2b445fb65f05907800871682188387b135_0,0,50.0,pubkey
75e7b6ae4c82b47ec4ec201ebd00c9966e40f63bee5d8a996de9e9f87308d096_0,0,50.0,pubkey
7794b939df62305460eb1b03adbf4a0cc1e1b43a3670e5272b7c71bf6574fa28_0,0,50.0,pubkey
77dfc2fe598419b00641c296181a96cf16943697f573480b023b77cce82ada21_0,0,50.0,pubkey
783ea52b3255b0bffcb951670bb5d57534e2b327c8854b28df7244fe23af7e34_0,0,50.0,pubkey
787a0ed2a93932c5a30687b50d9d1b4a5de011cb23b5eb2194a642a1506c8119_0,0,50.0,pubkey
792dc28a543efca217374b4a802e0c88506fde8bc7bbffba4890b2726e126009_0,0,50.0,pubkey
7932cefd406d0ea2b4f5168527cd412a7fa3d5650a4c6e7316731a8fbca7a790_0,0,50.0,pubkey
797556eb999f8fdfd8198dd9ea80723409a359ddcd75c4a54a511970745812f0_0,0,50.0,pubkey
798f879062edcec1a770f3f8109d4849643698a71b6a46a564e21084ea21ae9f_0,0,50.0,pubkey
7a21e4f7b21ebdcf4be47933e732ad6b2232bce85b7dfc1a922d53363018289b_0,0,50.0,pubkey
7a71f571df4e043071244a7b49ad3e6321a74995a62338e1e27d12a70cb0ad09_0,0,50.0,pubkey
7a7bb9e41b524e03081b8114762b3138bd8d0ae7f2469ca68d0d2f5967b894d5_0,0,50.0,pubkey
7a98238d69b473e82a4ccfa62463064379c0c96fa890a951ccdbb924f5572dcb_0,0,50.0,pubkey
7addbd5badcc73271e3094fb5cdbc864efabd61a91562385493f9a2872fe5345_0,0,50.0,pubkey
7b34ee4ca9f01ad537a2e36731668fb73e8842c18564c27690abe5463dce3777_0,0,50.0,pubkey
7bac4421dd77a9bc5801c8b6dff3525a7f6b0e518ffd0509fe90d40ae8893d31_0,0,50.0,pubkey
7bb7e39b2db8ca464db731ab5ce9cf8da82c57f85a97b1469646512ea120e736_0,0,50.0,pubkey
7c9b05865604479d11b1668f292c6d66c4e636ac4aaa7c1fbe0c42f4b223b6e1_0,0,50.0,pubkey
7cef5389d7cfa7ff8b009eb4c9fb2531e78377dbeba3cc3afc8cc5128fec0e22_0,0,50.0,pubkey
7d2edf266b896bf7460daeb8b84653c43c9b8f5b6b0b453dd8808d53c19818ff_0,0,50.0,pubkey
7e0112d69dcf86bdbb0fc74243751d7ba7c1984e898685994054c17fb156688e_0,0,50.0,pubkey
7e058c284462571cfc08c5d11a4abcc8d17a5a0e2425f14232c993e163140a09_0,0,50.0,pubkey
7e802533ced473ab6379393e99efeddffe2b932bb2b126624083e8a7c8de4d6b_0,0,50.0,pubkey
7ea1d2304f1f95fae773ed8ef67b51cfd5ab33ea8b6ab0a932ee3e248b7ba74c_0,0,50.0,pubkey
7eacb4a7417f13315e0cd548b54b2c3a57605e930b55a7e385bd8aff35b20229_0,0,50.0,pubkey
7f1bd607937f6a5e633c1455e174d79887b151c435baca445fdc23008d5674f4_0,0,50.0,pubkey
7f2b9cc3438adcbb7b1aa78bb37bdf03ede17060fab5e7091e1e6488387cf3f0_0,0,50.0,pubkey
7f49a5f3366bbeb8b66658df0dd7330fe289c12d09761816f2a946eaba267add_0,0,50.0,pubkey
7fa84e1ae4fcb07cc1e74375d5023caeaffbfc86efef7fc7fb0863296b5e54ae_0,0,50.0,pubkey
7fad6c73cf98d9d5d158a918504ec2ab72131bea0dc8b9c5b6ca397b7673bf5e_0,0,50.0,pubkey
7fef48a33717c581dec108f76d53c6ed9f3d5c354ca83e02c64dbfa9b1a9026e_0,0,50.0,pubkey
8003caa9beb909f3f11a00e6532e1f161ff86b133ed186efbe101a5c8b2bb265_0,0,50.0,pubkey
80243f677ac731f4dd97e345832e41995cc11e90fc30b83806ecb470be1d6280_0,0,50.0,pubkey
807822a80b4ed7b7dfbe560a79705c62a71e48be9dbcce152ab70f94b1eb4307_0,0,50.0,pubkey
80ec89837a388421e81d912b9e695b7920990dad85956ff5bc484ce82b19db6c_0,0,50.0,pubkey
81716c5ceae049e099a09e40915d6488c691b6e0b736069d2337e075f6d32c4e_0,0,50.0,pubkey
818d4e526d9069e9aba5651a7a4417a4478959fc0e5a59f9a898e9435e485804_0,0,50.0,pubkey
8194397336013be4770343e5c93455abedbe324666fd767c9f31102f7af69f24_0,0,50.0,pubkey
81b436dd80442ed552e36c5e02f75862404ea2e5db591ef2ba02362ada9647ad_0,0,50.0,pubkey
81b896b98663fb6238c9643545eba3a1b32933f96e1a33d122efed5ab7165f2d_0,0,50.0,pubkey
81e1b4d46bd99a7bed77ef1c6aa1a4ee10acb7fc9b2b61841b2f116a39ef4cf0_0,0,50.0,pubkey
81fb4b1430e5c2cdee38be1a147c45fe23b38bbad0375ff67dc64450844445be_0,0,50.0,pubkey
82146875ef6e7710bc1365ca1f4c83b46cb44d232b33bb430b7119777e49a8e1_0,0,50.0,pubkey
828ef3b079f9c23829c56fe86e85b4a69d9e06e5b54ea597eef5fb3ffef509fe_0,0,10.0,pubkey
828ef3b079f9c23829c56fe86e85b4a69d9e06e5b54ea597eef5fb3ffef509fe_1,1,18.0,pubkey
82a1e1731a9b22fdea55c09f2fac191a89efee127956fcfef65caab70f54002d_0,0,50.0,pubkey
8347cee4a1cb5ad1bb0d92e86e6612dbf6cfc7649c9964f210d4069b426e720a_0,0,50.0,pubkey
83ebb2006c7978e45508b6f0d75dabc3391610caf5d154a803394d1b9d6700e3_0,0,50.0,pubkey
8453119b70f9a2b31aa32c64b5cade25fea8b67fb3437cb90a2332463f03250c_0,0,50.0,pubkey
84a2c2f6c3a6272b41893a313bef584ee6d0aa3afa34203b5a42dfbc55d2352f_0,0,50.0,pubkey
84ace723cb0fcb4f4459cf7c7822a3142c6c1f84fff5dfceab494984c3947a7a_0,0,50.0,pubkey
84bc056f5987379f763ff998d598ffd9c11c0432151f221e505fdb28259ab1cd_0,0,50.0,pubkey
84c0f854414d644397bd06b36003bf87fd57f24692cfd2b2e28cd1e9141680fc_0,0,50.0,pubkey
852b1997ed935ba638078998e2d15bc8a91b8ad232e2d988e22c969eba3bafe0_0,0,50.0,pubkey
85bef6cfcfb730466d0a1d891d2adcc9942e9794ba6176bc7b57d44cf4aa2650_0,0,50.0,pubkey
85f5a0e051e02e3d4df287b8466a3638c442732b4051eff7746a8f9284274405_0,0,50.0,pubkey
864b69193eb78695cc6990d65c37877ede30dbddbe1a5a81a5a0bfb370c6ce1d_0,0,50.0,pubkey
86aef95da1e14e635e802e1b8af7bdde3e6a992b89418665fad22d0d59e9d28d_0,0,50.0,pubkey
86b33edba8ff663b0f73ef487e4433f34d26ef91de15659d2cc09594d27b52cb_0,0,50.0,pubkey
86d0a48fc8aa2e15e761f41193f4be24fccb7527744ef70c2dcf23e7115cc413_0,0,50.0,pubkey
86fb2190ec4c8c988724db96feaa2bc55b373b0c2c86286b0626fd92264d29a2_0,0,50.0,pubkey
871372ea8106dc35f1fe45506d78a24d073ae0efaa5017b902dfc1d287741e79_0,0,50.0,pubkey
8727eb9a871076420775a93fc141e309133394b4ae58d924c6c95670b7d3c782_0,0,50.0,pubkey
87d1ae18214ad64aa00ec9ca746c1b1df251aaa4d790709bfaea668c57df6dc0_0,0,50.0,pubkey
882b98507359823f93cf9830ee90e192c62d4964c16297c6dc3bf525d27a53cb_0,0,50.0,pubkey
887f8213b539413dbf800badd76d0356ed8b2bc2c5d23c8278fe68adfadfdaf5_0,0,50.0,pubkey
88d2a4e04a96b45e3ba04637098a92fd0786daf3fc8ff88314f8e739a9918bf3_0,0,50.0,pubkey
88d5c23cdb2843057397159dddfefbab00da2b4a4f94a45ea5679bca2e38f009_0,0,50.0,pubkey
88fd27354b307990dd5faf0ac8d95a62c0f35941856338a6ec93522d33e60384_0,0,50.0,pubkey
896f2a0db78a20d5deccb8ff050b2cd9ba000000b342ae9d80701da030306fa3_0,0,50.0,pubkey
8a125498268d8ca573fd385cfcf4dbe7ec4f612c1858acf0c26c495419972bbb_0,0,50.0,pubkey
8a1289e68161330fdc167aedb8ff464b537d2ed1fcd40bdc6a264694b66581a1_0,0,50.0,pubkey
8a2f01266ab585b8ff60e2c7a512cc5c4e6f171985ae7ff5d0c8e3280328b3a9_0,0,50.0,pubkey
8aa673bc752f2851fd645d6a0a92917e967083007d9c1684f9423b100540673f_0,0,50.0,pubkey
8b32326c4ef9354f21658daf69e03deaae5b7c1109f6feb9fcb26b7bb5226851_0,0,50.0,pubkey
8b3e3337952cbd2dac159723c972954efb02c05b9c583a081a1e11ed8e861ae4_0,0,50.0,pubkey
8ba53ea7e5a2c1824cafef16d6dbeac4c62713e1147108de03afcc7464a383f3_0,0,50.0,pubkey
8ba6531767d5a101fdd84a58025bfd1793fd9191e517db4acb0c49df851a957e_0,0,50.0,pubkey
8bea4c52e497aac81f3c6520febe1a2bff73dfa04d89855c32f4f5cd27d564c4_0,0,50.0,pubkey
8c4dd475e2c4604e83b52334270d6b3738463c814cf8d1965982977abc75a8f0_0,0,50.0,pubkey
8c9296e4ea6bca8ccb401cfc0beaa532407f6100e75f3a4a7d91b3a1bd58c02e_0,0,50.0,pubkey
8cc859fd41a05ede4b46f800042d91194ab0c66677d44bba0cbda61746174ccb_0,0,50.0,pubkey
8cda9b1663ae15d9f8b3da2e3e5335e2ced509f9d36eb36206dc5845eef65d35_0,0,50.0,pubkey
8ce144c09da2e66a94f475cbebda39c5c0cb49d306c2d180fc96841796efbcdc_0,0,50.0,pubkey
8d170388714900046ac643f6b5440edf144cf75cb2161b27e4c2a03917e7ce76_0,0,50.0,pubkey
8d678f9dc967ec84913e4e0b8779dc404ad19309e09fc57df0aa37f3f63ec239_0,0,50.0,pubkey
8d7d3c30306d39d60a158310a6abb202833e1458f275bd9669465c891d7cfd56_0,0,50.0,pubkey
8def47739d3cedc44c4cb8fa229f81445888eacd062ce31f28cbdf1aab52cba1_0,0,50.0,pubkey
8e14057a94ffefff7dcc9e8ab9c9f7090ab3877d8cc918641af2a76e1df5b4ac_0,0,50.0,pubkey
8e760e3250339c2d14c064082e6d5e968d1d8ce356d40156a965d2790db3b3b2_0,0,50.0,pubkey
8f2cd8d8c2b4ac9162cd8fb11856982ca1bb33898d19f6b50d8361b1318b7dc0_0,0,50.0,pubkey
8f77041772a4d9cb93cbb57f0ab274413386feb6f2572060d57163e5457eaa09_0,0,50.0,pubkey
8f7afaef06a3962763491a0fc4827de5357204dd629b1491cbf97a8374453dce_0,0,50.0,pubkey
8fe8898cda7e9cc974804cc565a08ca62ab5df4fca8245f3474ec5a8ef5a71d1_0,0,50.0,pubkey
909d55b144aab663ccbcdbc1440c05e00bc94447b7fbc44a1c148e8ecdaeaf82_0,0,50.0,pubkey
9200bf5bccb0e27e20939be38d83e4b1d337e219e0e254a4d0c57a1a9973ba36_0,0,50.0,pubkey
92011df6e7eb5254315fc695b23efb84d5352af12a1766bf5d3bafe489db469e_0,0,50.0,pubkey
9240bc95f391ea1730d8c98b660f7e98fcdbcf84435fd839ee95a83bdfcab0bc_0,0,50.0,pubkey
92e60c428d05c6ab98cee9373f4aafe18538d5d3c8f3319a85feb2575f314923_0,0,50.0,pubkey
932dc26717cf4f80d68dae031851836d53a600e1d2f12bf1e4f43ce272d3ef81_0,0,50.0,pubkey
9339603183ff7a267eb4fa98920097979520a6c400bc771f50cb81de1b481867_0,0,50.0,pubkey
9350f8022ba85d248c58719692d374e0198689b84e8f2b108760be4c6d78a01f_0,0,50.0,pubkey
93cf438aeeea91177da3736dc9939ed59e73a05b5ebb0ffc5ce326d0336ff5fd_0,0,50.0,pubkey
93e6ca940b4d5547230df9b9e1ca02408cbaa036ea69c517ad9890f9ddc92369_0,0,50.0,pubkey
94d1fb56b33424657ca086d8789672ad38cb7ce333da642b9f38568ad3576845_0,0,50.0,pubkey
9534526df583cf138e928ac6abab7a5b756eb7b9f143b2763c635db600626bed_0,0,50.0,pubkey
95e49ffefb73007f90cb96aeadcd0ed9ae456380223aa34445055314c1d60f55_0,0,50.0,pubkey
9635054e3de101ea39dcfa5f4cec63ceb1205db6e0a99304c8db2b3a162137e4_0,0,50.0,pubkey
963f584442e40298d9631f4b03c90e6bf4be6c934d7cea764848e1bd645de5cf_0,0,50.0,pubkey
96755abe3584acfec3b57ff50da44ec68482fd5635a906958869cf24134abd63_0,0,50.0,pubkey
9701619feba0aa1158c4bf7626a3774a050b5b3d3ce51d5156c6eaadc899ed2f_0,0,50.0,pubkey
975c61fe874c8d7695f448bf589225ec902279d9ac21f1c43a03052910689332_0,0,50.0,pubkey
977e244c9afcab2fc0718ed12311325e4f9748a5b6b688d210bc2e57ce9b4b1e_0,0,50.0,pubkey
978fab1e24891ebbe196acabc8b7d64be4d67a81de91268374e17134b915580e_0,0,50.0,pubkey
97deeef87d40204aaa406dc31ff3e051ae85eadb144e3820dbda2a9106bd084d_0,0,50.0,pubkey
97e5c5228b572e1be5e91e0cf04784757a293a5efe2788df42868d5cc12a2382_0,0,50.0,pubkey
98177a2614e065742252dbe4a0b46febc8527a5996224ac8ce07fb29aa013c55_0,0,50.0,pubkey
987ab2614f1d64bd6315a5e76ca3393716b77cc523be7356d264ee2d9b9b970d_0,0,50.0,pubkey
98ad3272d2c9a9ba4ce0a288f6e9dbd18093e9c1688a8652ee8d7ee3efec5c8d_0,0,50.0,pubkey
98dea46312e3d10984695fc127056ffd266b607ef4018bc65cd9576013a4bdd3_0,0,50.0,pubkey
98deb09fc4d3d5a07b32ff16a47c29c2f21bd262e4d3c9253bfb50371a7c170b_0,0,50.0,pubkey
9941bbca58bc438e2eeafbda59e6ce63428cda348b8e961983e5bc9381a3ba85_0,0,50.0,pubkey
9962d5c704ec27243364cbe9d384808feeac1c15c35ac790dffd1e929829b271_0,0,50.0,pubkey
996d3bc5ae6e16df53ab73abce81792c8415ae4cf04b148f5a9c79bcb41e21a2_0,0,50.0,pubkey
999e1c837c76a1b7fbb7e57baf87b309960f5ffefbf2a9b95dd890602272f644_0,0,50.0,pubkey
9a1674851f7938ae6b35538b5b85a477dfbccb5c74cc88c475d026a7b6548a79_0,0,50.0,pubkey
9a1f38fa9f25bb77504cfda998c4742b5a22466acb32ebedb247bd284682a5be_0,0,50.0,pubkey
9a3d8485cde248ab7dcea68c5a8539498ecb8ad337f2574fc2143d2f644b2e1d_0,0,50.0,pubkey
9a7e42be64604ac8f9922c8d131485b6973003a4056921b5644714065c805b1d_0,0,50.0,pubkey
9a9699147493e8528df46eb9a3216ad1ab64fd733fa3f8f3d55908ad7ec41ff9_0,0,50.0,pubkey
9ab71740a3014a9f0756a6b603fb6f18296e816cf3fd80bc67b9afb0a1e6801b_0,0,50.0,pubkey
9b0f52332d7d013b49016416c4818b5abb80b01ca526b7b813830348ad2321be_0,0,50.0,pubkey
9b0fc92260312ce44e74ef369f5c66bbb85848f2eddd5a7a1cde251e54ccfdd5_0,0,50.0,pubkey
9b9e461221e5284f3bfe5656efdc8c7cc633b2f1beef54a86316bf2ae3a3e230_0,0,50.0,pubkey
9bd57fd34e6fb575b09572d9801a2239d95d2608010ece2c8a2abf661a72fde4_0,0,50.0,pubkey
9ca6cdc75db707190ad5dd1286a1969d543474dbc16ceeca22b4b5d841771716_0,0,50.0,pubkey
9cad34944886dca0e8e88ec2e2a508fb6da1789f6cbaeffdc3668d560d8062bf_0,0,50.0,pubkey
9ce098a623e47776b7392c9ff0f30f6a32fc91fee1b34b348ed012ebc358fd2a_0,0,50.0,pubkey
9d16f495beba16b70e05682c6e8dacf34e832db1dbc8b05c2c3bdae7effd0642_0,0,50.0,pubkey
9d8b1783a0d985a30201406722871eeb48883a4fb3fa80bb55c06038df8d746c_0,0,50.0,pubkey
9dda78aabc54a575174ca4fe89eb79c6760d7bdcf669e70f0c6ab3705a0b70d4_0,0,50.0,pubkey
9df40b6a26118df069659ba9df132c3171dbbd3cfe88718e859644ec75804c35_0,0,50.0,pubkey
9dffd6b18857fcde50faa1d4f328d5e84af7ad671adafcdbcf7d1a7d566e78b7_0,0,50.0,pubkey
9e01daccf3280ab1663fbbb34e7b798acf488d23eb4d60f0176b6c9c86ffcd6b_0,0,50.0,pubkey
9e2eaf1d7e5178a2d116f331c340f1f7fd6de7540783ac36a7054fe9a4d64943_0,0,50.0,pubkey
9e493f9683043a91ab533f50919339eb8c35756e8c2b82372b53217a73d3826b_0,0,50.0,pubkey
9e8c82aed2631cc68d823f7e753b906cf26a5f2d1ce089d147de4d2175cbcb22_0,0,50.0,pubkey
9eddc393edb1d0dad1be954dca2ed49a87a6ff352f5d52f304cadf20739dd9d5_0,0,50.0,pubkey
9efa6cb3b8cca3c9387144f397f80e7b4bc2dd86026fdd308625a2e100a08d5a_0,0,50.0,pubkey
9f2953a6e6896056108367d87b2e28309b1b5ccd053a1109319a0b1962a01ad4_0,0,50.0,pubkey
9f53223f570d2a5434d3a1b5b2ccb969a312618101f8e1808730f55d97a854e8_0,0,50.0,pubkey
9f94cc5c9211258c39f048f4da42dd3048e4d1434c2eff2d28dbf3b3612775c6_0,0,50.0,pubkey
a00f4d652e2b58c6ba0a274c09d47b10a36ce3d8dce449ce850db86d1da82923_0,0,50.0,pubkey
a036fe7e74319bf123d1bf23164353aefca95cba47efe1565694e91bb0dab4e8_0,0,50.0,pubkey
a05d8568954356ac355e7433b992c7aac42529e85e0acbd11b349200fa291720_0,0,50.0,pubkey
a082c05607eadab443076ec8a9c6c6a64149da9ff09ea91b77277d430603e56d_0,0,50.0,pubkey
a09c89d2a31440658a42ec97aeee0d36b01529e45b315922e2aa2955334d1821_0,0,50.0,pubkey
a0a9b9690b60d35d1041371e3b1f6932d90d3f917cbfee251466f769dd900cfe_0,0,50.0,pubkey
a0ede25bc0c0ca5ebc51f69d554782e57238d9915b27f82bec804da789bcafd9_0,0,50.0,pubkey
a10158328253cd56bc10095d6bfe91f286dd2f634be0fc05f9171c8e188b0d8a_0,0,50.0,pubkey
a13ddfee9849bf8198ed48896a9e725fd8a2e65bfdc77bf9f3520f0c8e92a00b_0,0,50.0,pubkey
a16f3ce4dd5deb92d98ef5cf8afeaf0775ebca408f708b2146c4fb42b41e14be_0,0,10.0,pubkey
a16f3ce4dd5deb92d98ef5cf8afeaf0775ebca408f708b2146c4fb42b41e14be_1,1,30.0,pubkey
a19280f07c87c17f64c3cb123343786277a72bd36332b89cdc2ddafbadd3ae2b_0,0,50.0,pubkey
a19e4d81067330d49611e94b7046962a259ae2954697d9287de1ddb2046c81e6_0,0,50.0,pubkey
a1a84427f79d587a41890811c21c1733538b5f8f8ee7450160bd5faa169bdec7_0,0,50.0,pubkey
a21f53c4457aacf4a3403e8e8dc97745379970148ac1448c15cb8cac8006af4e_0,0,50.0,pubkey
a24cb94775ab64789f4a3fa31fb436b14ff1d6d825155c3f8801ea3ecc213dc1_0,0,50.0,pubkey
a28f94fcede8dc3ff5c755d86598e2680b377a772c25049fc62f87684d310e91_0,0,50.0,pubkey
a29ae012c453df9daee68740a884b11acde03b0c0ea3f3248887e3beb6695b5b_0,0,50.0,pubkey
a3007f3f43250476e47d2326dff86155f219294467da4e9e66a168abfab4b230_0,0,50.0,pubkey
a320989b6e71abecdf7faaa0e2e8209a71c8826e1733228e43a96cd26f57b1df_0,0,50.0,pubkey
a32363cff5c5663ee7625ec038d78fedd2060a25782f67d0608b9558dce43963_0,0,50.0,pubkey
a3544056c39be22b84099b599788fd8132300999a2783c80af472075c234f912_0,0,50.0,pubkey
a3b0e9e7cddbbe78270fa4182a7675ff00b92872d8df7d14265a2b1e379a9d33_0,0,61.0,pubkey
a3e0b7558e67f5cadd4a3166912cbf6f930044124358ef3a9afd885ac391625d_0,0,50.0,pubkey
a3fa9a291400544650f612fae54945d47427f1277f087d1a616a342e88c141bb_0,0,50.0,pubkey
a520b17061a1d979a5be949436aab59093dcc11ff289aaa16ed46840f3d246b6_0,0,50.0,pubkey
a58181beead631b49c6f87569aa3a1cd516f7019eae250213461a801517625f2_0,0,50.0,pubkey
a5b6aad3ec7e4949973565960508eb1eb803d201dc73fd53e3f6079159a1bd41_0,0,50.0,pubkey
a5d3474ea57191b1c00742684448a065d24acf79226b504592db8657dce18d3b_0,0,50.0,pubkey
a5d8c25db574a6523e1f80a71c5c55f40507593a25dc406692f21e72e264a1fb_0,0,50.0,pubkey
a603a352cb87c3654c83ebb33af22c50001cb08d026d3038ee9d45311bee9150_0,0,50.0,pubkey
a62895a6d6ad34bf6f4766162e5f1d74054f238b5f494ad6df3d298788601604_0,0,50.0,pubkey
a6bfbb7c1fdddcf4a356f0e23a4d141020d6308027c2edc2313ca2399cae2474_0,0,50.0,pubkey
a6cf97034eb09a9d47620c89d9823097aa31000e8d43593f4d24e4ee76c33ba0_0,0,50.0,pubkey
a6f7f1c0dad0f2eb6b13c4f33de664b1b0e9f22efad5994a6d5b6086d85e85e3_0,0,50.0,pubkey
a739f9909bdf50466fd746e42394fada8e245f29e6f5747fca0a70dec470b75f_0,0,50.0,pubkey
a7c9ab3f9104ee3965b4e62ea610276e73341e1da56597937079c1c8f6e40773_0,0,50.0,pubkey
a7e36c86964e8c8e796d752129f57d1705044eb3c5cc1ce0a345a219c4732c33_0,0,50.0,pubkey
a7edd1f5436d5867b26cbf0bff7663329198b1d4ab41beb8a3b9b36836dd1429_0,0,50.0,pubkey
a84c57b17fb767870a708f336e1cbf95582ad0fde26ec10195f82189295d073f_0,0,50.0,pubkey
a85fa3d831ab6b0305e7ff88d2d4941e25a810d4461635df51490653822071a8_0,0,50.0,pubkey
a8987b44c876befc29e2c1e358effc17ae63c4adcba573d39e5c11a30372d8bf_0,0,50.0,pubkey
a8f1815e5deae697e2fa082289f26f3789a5eca1419f263fc289986ec744f592_0,0,50.0,pubkey
a94ce7bdfc2204c25fbeae8a66a82d6cf5a276f295c9995820f4621c8587022e_0,0,50.0,pubkey
a977106260f6309232b205e87de99e1f9d892ba8d52c0b46d8024e80ce03f14c_0,0,50.0,pubkey
aa5f3068b53941915d82be382f2b35711305ec7d454a34ca69f8897510db7ab8_0,0,50.0,pubkey
aa653511d368baae692060b2554ddbfbf1efbd49167cb25c8213f327d4362d4e_0,0,50.0,pubkey
aa8628f83ff173c29006a75e344dc0b1bbad9a3cd02f33343d9a3581ae52f268_0,0,50.0,pubkey
aa94ee85a999c699a2972ab9c225ed108ded4253cba3dc05e246ad776ef261ee_0,0,50.0,pubkey
aab671fe9073655be38428228b6d1561afa195a66d1fce363a7fc55918921370_0,0,50.0,pubkey
ab7895105c01cb3ed295262395494461b59bda798d0cd380192f98a0e74a4e05_0,0,50.0,pubkey
abde5e83fc1973fd042c56c8cb41b6c739f3e50678d1fa2f99f0a409e4aa80c7_0,0,50.0,pubkey
abe00821cc74ba9c323cee4dba547eb101a7848130aa0646f4bdeae37d8b1cca_0,0,50.0,pubkey
abe8207237d28324ebee3f176fb07dece9bb441d832d98271d94c7e13bf9233e_0,0,50.0,pubkey
ace381ede0930705a2b99f836fae6555872297fb8167b59d153de387160d4d4b_0,0,50.0,pubkey
ad0de1501b73c69e7ca5ea4d033abd4c7e1bb261d7bb28cee25861e9fe02a068_0,0,50.0,pubkey
ad2aba5436fafbde53bb31735f887120b2f9a03d6121df470f87a4ea44d55bd6_0,0,50.0,pubkey
ad3ad5d08e433103e0be2ca5cf8159eb8d416a37edc45fe0dd9b3bca221ae974_0,0,50.0,pubkey
ad4e97a2eec8596d1a14ca2ff6b8c7ebba2fc60705601671cc65f30d390f26ee_0,0,50.0,pubkey
adac28d09489b5327e2539c1b45dea7cba4a1b346e7bab42444222b1cafe92a4_0,0,50.0,pubkey
ade2de2bb77312dbd4ebd7171291701010c0f935e985581fd777da7281901bbf_0,0,50.0,pubkey
ae44c01fafeb75098a9bb331c5e541ac5a2ad27e08282a10ab189c80c568616f_0,0,50.0,pubkey
ae6eedf8e47ac6dda10ca9f3334bd3031795c55a124948003acd944ebd31fee1_0,0,50.0,pubkey
ae77be691d4ebd8d5f1d70242b25b38d4f1ebfdd192d7eb09886601242124969_0,0,50.0,pubkey
aecbf57160335e33419531cc91b641dd2ff8dbb07ec070fc856d2bd97e1d7d6a_0,0,50.0,pubkey
aee3e17ffa75e1392ec54b2c25dfcb4b36b74d1b6f5a99cfa1abc4e86f9bedfe_0,0,50.0,pubkey
aefd630d82657f09db160afa2512eb9f5a585b49d9ccf7189f45fa90fddeeea2_0,0,50.0,pubkey
af0b7b63af0ab11048aa6df0ceb0e82a94a247ddc9db1b0ef5c512ab2b60e27c_0,0,50.0,pubkey
af43fe221eef93a4b4e7dc86f2face1de956ef8d041123804e409716bdcaa5ed_0,0,50.0,pubkey
af4b9e2291e1360d7ff1d9bbd49eb7f40e069d659c589e835e1bc8b33749ece0_0,0,50.0,pubkey
af5b4c9417d05229355f0a7ca74fdb6f320b2182f61cfd5303c17ef3ef3436bc_0,0,50.0,pubkey
af6397d00e2ebf9cb99ddf15f68eee4e58acba358f6a3900ff2d313fa5926edf_0,0,50.0,pubkey
af67d4f0e784ad7d7c21cdbe2d501633f97a29b85be75f9a8fdd771cd14f1e53_0,0,50.0,pubkey
afb22d24e466012b7bf38b0cc46b48551d9cc0834875e122513c788b9a370c26_0,0,50.0,pubkey
b06bf2c935e4b9853feffd9be25ac744206667e9c99b233f58098deeef7975bd_0,0,50.0,pubkey
b0a8291efa1dcd99cf58b5216c4105283b9a482b2f2d821ce00a52ced4908444_0,0,50.0,pubkey
b0dfeb4cfd4ece7d367bc6eec66af2a49c9c5aa4e12f90d728da63adbe18540f_0,0,50.0,pubkey
b0fd9f6c36a23fb37a0cd82f23767d02e675a5ce5899c21b2c8fa6a81da4b6a8_0,0,50.0,pubkey
b10711e0f39d6f8a3638a099d28fb70ec1c59a318b026e341ef91260982f2dcd_0,0,50.0,pubkey
b10def82b147c9acff52707a16f878506ed1ec5246a2fee4b50dc73586cba29c_0,0,50.0,pubkey
b123e029dfc7ef75f1ee2e673bd294f5f00941af6bcf066db41b30999ddd6e93_0,0,50.0,pubkey
b17fc28c1dc15ca4b05bf4784419c145b14e79ece54c793656997984c4e46715_0,0,50.0,pubkey
b18b8b4800ee32ea4433e60618c2322b8b4d2c9512d2c7d70e82b449205415e9_0,0,50.0,pubkey
b1d9ceea015b06c8753f48c0a04336719f00abbcecc5c1ed11a5c3005c587a0d_0,0,50.0,pubkey
b1eec924ded059de5aee1609a1d66942eefcac471cc6321b55507ef70e4692b5_0,0,50.0,pubkey
b1fea52486ce0c62bb442b530a3f0132b826c74e473d1f2c220bfa78111c5082_0,0,50.0,pubkey
b297f594e4da9c1d763c955b10f1b0b366419fb7285ea8acb0d3e322db7087db_0,0,50.0,pubkey
b2c6bf5c6a747f3ec83562ad93d60e1c3c3082be8ed59ccf389b9c5199acc0c4_0,0,50.0,pubkey
b2e561eb278f5aba7a2c78d46422f496f4998003635cc65807e230407190a355_0,0,50.0,pubkey
b2e862f2cd9085afd21b5b5df86598c2118a33eee8ac773c01c67026b57b2f40_0,0,50.0,pubkey
b30e0f7d573a5247957dd5cd2bface78d453fb2d1a3d83e87fad06a8bb036d96_0,0,50.0,pubkey
b329818e8d651e98d97ca43c55af62f9eb901141138255978c435b45023fb7e0_0,0,50.0,pubkey
b3e9c6ac89e67b0bc4a48f42fbe0127927c4568077a1a5fb48a0acd150857167_0,0,50.0,pubkey
b3f978e6ee5e91662af30a634b3f3268c6f5d34aac1eb54e6cc9535026f5084f_0,0,50.0,pubkey
b415569ce5c39e7397dbea33c02eb9c632cb22ed771b20be5bf0fd0e0256897d_0,0,50.0,pubkey
b46de6060da7cfd84e39853864de3dbf3b8ebcf02df6adffbe3949032705e698_0,0,50.0,pubkey
b4789eff05c89c1b396c05f13a4b93e14295d15afda191e108dac8a1a292f126_0,0,50.0,pubkey
b4afa9db78f78a058378583af3d5d58c054f9550e59e0409283578049ac9e5eb_0,0,50.0,pubkey
b5015619429af022efa69e0401891a92533b1852f214b68504c2e435a8cb7d0e_0,0,50.0,pubkey
b52919a809a1c16fd13a0e546b73b00d704ca5305aab2b1818a066f3f43c25b9_0,0,50.0,pubkey
b550304180c25457c810707c5fac13398a8c3abf56871e4cc4e4804336768b5b_0,0,50.0,pubkey
b64786cf628d74f9490aad0fdeccd974a1d7da30d3a90187c78275a393d52937_0,0,50.0,pubkey
b6c5e7358116010ec0d19032d3b9ed053c569eec250835cedc459de3eae2bb8a_0,0,50.0,pubkey
b6c79a1d20ab448ae370578b9b73ab99c964ebe1be515e9d705620ab3abe9b4d_0,0,50.0,pubkey
b6c967d8f3a3d5fe859a12e9f385531655c2c457326845065fc3942da9e19920_0,0,50.0,pubkey
b774fa572cd148e44e2260fd7d026560655ce264c7c32b422b9f20ebb60c7eca_0,0,50.0,pubkey
b7b2b41bd7e219fe2d5543e196dc91d3fd72f1696a78f59a127ebcad9cb2bb3b_0,0,50.0,pubkey
b80c03e4b42c692281ed25ac616b2628210021746d0afe83af213bd072f04de7_0,0,50.0,pubkey
b87618c8c871b2566e0dfab21358beab731a47e13e029acc9ecd7318aa73777f_0,0,50.0,pubkey
b88c1cae5976c7f3f88b0e8ca0b23d6f8e44112dd7074d7f3fe01579710ae3be_0,0,50.0,pubkey
b8bcf3466dca324bca7f3a81e992a14afcce310adc290e786aa7ec78b89b8f19_0,0,50.0,pubkey
b944ef8c77f9b5f4a4276880f17256988bba4d0125abc54391548061a688ae09_0,0,50.0,pubkey
ba0a12bf028d0993ba3c7f5f66484227d381f8933276508d065afc1940ce36cc_0,0,50.0,pubkey
ba2bbea15423a6582126b2ccedfed409d7a5d2a4ae6a4f9feb6fae46bdbdaaf6_0,0,50.0,pubkey
ba3a782948227ab5343027f94df1432d6571268912e208b843c783d9726c7b82_0,0,50.0,pubkey
ba4a9246d9f4471c59cf51fe4cb597cf1c63a3ddd17c0d8bfde3a6a0610e5699_0,0,50.0,pubkey
baec98f293455fb31e899fb2c5bfd290adc35e37b0083e1af067e781fdf3310c_0,0,50.0,pubkey
bb033d031a5072a0cdf023b7aef0d307c87ad3ecb0f2b0ca9d35b0c7589dd0d1_0,0,50.0,pubkey
bb8b5ef6ae34dc5b05089fac252376b871c71f820ccc624ed37f3289dc56cfea_0,0,50.0,pubkey
bba9efba08eaebe56f3ce26c388aba9dc558677a6cd46ee93654bd3094a1d534_0,0,50.0,pubkey
bbbf6ee73ce663f04f74b2847f39f1ac6ecff085f6bad7b6a20bfd15f06143fb_0,0,50.0,pubkey
bc0f0f8b3235421a036122299db7046a00c3a7cd1d650de3d92969780b873728_0,0,50.0,pubkey
bc15f9dcbe637c187bb94247057b14637316613630126fc396c22e08b89006ea_0,0,50.0,pubkey
bcf9cb402ec6a52f24f0bad81893163c391bda5d14e2598c36ce8537384c90d2_0,0,50.0,pubkey
bd34e0476abb5a2b8d49ef1f1ea26e9bae6162035228b7dc34edeeacab53aa40_0,0,50.0,pubkey
bd6925db4de3f2512cf137fa5d50554a6aa7c896f0a89c1ba6d8ce9af82570de_0,0,50.0,pubkey
bd8cfe1837c88caa4ca37df77380d5b0af9692ed92ddbc247cd2aef388691d4f_0,0,50.0,pubkey
bd9b02d1db874049772cc6fceeb73b67cdb99774844ba4d4ed4bbe7fa1584940_0,0,50.0,pubkey
bdc5121446fd203abbf0e4d13fe99594dc3dc4c1cb95504feb459e8982d923be_0,0,50.0,pubkey
bdccc4d6bce7254baff1457931cc20976f91ac8721f8b8f44eeb4fc5c7146ca1_0,0,50.0,pubkey
bdd70593b434db35414e96caa8026a79667c807395ba5b67edd26de66d1cd25b_0,0,50.0,pubkey
bdeaa0089cd84670da5e6385f0185c2d7978bf57a1aa5540d3ff3b3eabaa1210_0,0,50.0,pubkey
be0d66ff141aae1d4787b40c99f1f36ea717fd293b240feb001c32e8fb48ceb7_0,0,50.0,pubkey
be4e4a6dda8d5d09a649606bcda395d39b7f674ceea00af7159a49be6047807e_0,0,50.0,pubkey
bed934e8ab0ce624c5ad6fb57cb71a41546b4098b2feec8faa75944d65cc3586_0,0,50.0,pubkey
beed13ca4198ca4512d62082a2e521288e6fb53f7c5effac5625047a5ca5fc6c_0,0,50.0,pubkey
bf6d1f4d6155853304ace4df4328e02ac7497fc4bb7ee129c080e6b03be2a4c6_0,0,50.0,pubkey
c03d073cd1e05cba67973d9e959245e2e4a4306263e6a3334928868ce3ed55d1_0,0,50.0,pubkey
c056d48ae983586d78b51352c7d689db7c33acd286958301a5ec59e3a09ae016_0,0,50.0,pubkey
c0941c4d8ac40f707086943a31615983838a44eee953061512f2d141cad9c4b6_0,0,50.0,pubkey
c0a467a775d0923607f2fb3e066f8f93492817da1d4994a0c5b35935f6302757_0,0,50.0,pubkey
c0ec5046f2616b7562fcd2b0b9bcbad187486bae9448dc6b49362175b3a1c5ef_0,0,50.0,pubkey
c10bdd9d0599fbe6e36653ec09176cac83c6e499a55592ac62f0153a4f9663d8_0,0,50.0,pubkey
c11a2807396b22978f8f82357d3466a949cdaa046713ab004b5d48647c029ebe_0,0,50.0,pubkey
c14e72a67dabbcae60c8f42d2d52e62888d4a61756a977039fb8cb12193ed8a5_0,0,50.0,pubkey
c184c93d7494f4096e9e9cb420f7d74c79c4ffd2806d68ff03bb7633bbf21d67_0,0,50.0,pubkey
c1f36c4a5668f1037a23a9730d645f850b357ed1472a798659cac30b07521be6_0,0,50.0,pubkey
c21ec58e759f197c12d5701c1bab2df8639d2d4a2b1715d98eb7284b82c7dfd8_0,0,50.0,pubkey
c22322e177db3d1687ec232688e85448a3ce812a4a5f957822eccbc73088b58a_0,0,50.0,pubkey
c23945b5e7275f721d034eeef52021bb1865b2ec748f6fc63830bc2cc548b816_0,0,50.0,pubkey
c2abeca18a8f63ae6099184205ff927ad79e1228a91dd810dd904f53f134c4b8_0,0,50.0,pubkey
c2b03396c3e8b17a6392f9c9994633ba04bbde60328dfa63e0d1a69cc75bcb1e_0,0,50.0,pubkey
c2da9f0a71a77aa727c2c0dd1e0798f697302dbc38814938d5338233f8480890_0,0,50.0,pubkey
c361e2f4581f035dd58b99788347884e046e47b4c17ec347344ff8b24cd377ec_0,0,50.0,pubkey
c39bde3039372f835ca96f15d5f38df585fac24a316d28cb5febae7c4af15cb4_0,0,50.0,pubkey
c3ab7fdf83633f9035aa56a72353519db20107f9ea9552b75dde973cad547f42_0,0,50.0,pubkey
c3dbd09da393e0f511c20d40bb61250f6f1e6415b80b294c0f8e3aa4c6e798db_0,0,50.0,pubkey
c3f0bb699bcc8a4e0716de45aef74c40aabeb80f7f00b3bdb45e115ee6f5400f_0,0,50.0,pubkey
c3f2f0eb5ccbbc2839bfa62f77fee492ad8d04a523c00ac24b9beed4732b3706_0,0,50.0,pubkey
c407af23173ffc395d5759dccaa77ab7907501d7f42b202c9376544db5796e8e_0,0,50.0,pubkey
c46f7272714cc9b84d99795871b3a40e04fe0fcbca4ca1cc890c1724df965252_0,0,50.0,pubkey
c573fa0b836556ef379c91f937df4b898f1f8ce67bb45e5f0697bdc0b02f2442_0,0,50.0,pubkey
c5a52ff7d65f2561d4984775265cb109285be6070b3fde31c846c44d8f0c1b66_0,0,50.0,pubkey
c639baa3634a88990d1756a284883ab42b6057a0c3a359fd782e61b64ca0a0f3_0,0,50.0,pubkey
c67b72006b0f663c53f3355fd420ad96cffcb72896e9115edc6f7c1b38174c9e_0,0,50.0,pubkey
c6b6f786bbef7a4b76811360368ed009e33dff898fd0a174a2253d60494bb109_0,0,50.0,pubkey
c721675b37e5769f21f689de4681b35e923edb96408b0644b94a89337c204247_0,0,50.0,pubkey
c77891a80c3929fd2db7b5120749dbd35ebdbb10ab92489f98c23953afcfc36b_0,0,50.0,pubkey
c7d09da78dbb9333ac16aae5ff267a7726b5c07867bf1cf20b6183415096dde3_0,0,50.0,pubkey
c800e5cce29790efa8e07d666bcb48a6396d558dbae50d61096b01227b6ccbdb_0,0,50.0,pubkey
c860f14427dd40ca724600f78effce48aa0937e3300946903149276af9ea634b_0,0,50.0,pubkey
c8b60292a8c72eaf7184bc6ed770076527a5960d0647ae9fe896be0c5a1fb2cc_0,0,50.0,pubkey
c8bdccbfa9fef00797bb73fe9c7c6a295ce5730740cf3d5b9b3df421b5989422_0,0,50.0,pubkey
c8c63477f4c63eedae8375b15a11f485fa36f48a0b8a2a1cedf4add92e1627eb_0,0,50.0,pubkey
c94c78e59390e73db5ac863eaf50cb80053fb464fb3f3a8c0dcbc7a67b95ff0e_0,0,50.0,pubkey
c9ad232dc223d242a0813cab4ab80cc1053bccb9b7c585ef8cb882cb5263b43a_0,0,50.0,pubkey
ca68250566bf272a6c9aa65c5c9404baaf20ae594faaa7e0d2720ba3c1c27da0_0,0,50.0,pubkey
ca7b0295546806c9b6631f8bc89ed0b55434ee5f8ce6198a918af18c6da9237c_0,0,50.0,pubkey
cb082e975e3b39b1564f3d063aa3a70fb057886f2b62e98f146cecb67de56cb6_0,0,50.0,pubkey
cb35591c2bdce399011c3352d48d4445d989a553193e0bbb8a72dd5b9aae3fca_0,0,50.0,pubkey
cb362ddd8816c5f280e9aabe33a485641075e556ac96816e1d631206a1641ff4_0,0,50.0,pubkey
cbc5671b20107f5d48114ee7b82c88bf6765b9c5ad038a98a396850de141f5ec_0,0,50.0,pubkey
cbcc6534a64d072365408f30edb21270dd861ab927fdfb7f2574457922bd3edc_0,0,50.0,pubkey
cc13b1faadebcec8921fd617fd8470d8911362d23790bcace2e8d800853fd8ac_0,0,50.0,pubkey
cc1986e44472170499f108be5691ecc7008cbb5ddadf643b13a2becb56f85c5c_0,0,50.0,pubkey
cc4d0dd009ccf08805d9dca9232a47c60681375312a520f3609045649c2a1690_0,0,50.0,pubkey
cc4e08387b763ca8dbfc28054f9f6be626d0fd1797f1eaaf8df0cec90cfcd0b6_0,0,50.0,pubkey
cc7d84b9828ddd7f4a31846cb80fd1fa0e13df22cca904db9a9d22221f6565dd_0,0,50.0,pubkey
ccb97113d5c2156d938edfaff425e301d1b862c9986714d443ab43070f119581_0,0,50.0,pubkey
cd07a869118591c6bd02be56a8e0199615792c44b249875bab0020dd764443e1_0,0,50.0,pubkey
cdf46f6d9d4bb38ea7c49767bf4bdc9f2316a19d0e5a34000900f9c42bd825d8_0,0,50.0,pubkey
ce824c3fead5f6f5f9e4d9f8e2e54c156814c565231c79070926bd8c51dea866_0,0,50.0,pubkey
ceb97d8e9e495ef6a0fdca97f78f7ac7811dd7b2b6b786dc8f0816874d5e6d24_0,0,50.0,pubkey
cec8a72a1b968ba1f3f92c9cf5dcb4a2cb78340ee9b1dcb13fbd7a9e3a21b5a8_0,0,50.0,pubkey
cf0ce82b3cacec1b56c157dc432c234a765cf47e6284bffd930bf50964728b16_0,0,50.0,pubkey
cf2cb5e3b40ff2440afc5b6be6b16e180376dc2434c1bb651cc024db1488d1b5_0,0,50.0,pubkey
cf7bddc54f693c94a852a93e80ce971358d47b478929772b60cd84a41e0b3451_0,0,50.0,pubkey
cfbba5a04f23049b63941e3ff5d57aa1431671281f2e3ade1a7050ffdd284377_0,0,50.0,pubkey
cfca74c0c3b1f8560fbc3866915a161d4fc1c03b85acb9ef3a8bef9c632e0410_0,0,50.0,pubkey
cfe6b74cab677b52d850ac659d54266a3a4d7bb48270234d2fec836881d0a5f7_0,0,50.0,pubkey
d00f26134b9fbd2a92b863505667410a0319b79c7a72518cffba3a1728d67bd2_0,0,50.0,pubkey
d027a9f372bdefd8178314ca9139f721e44df43412009457fd9b09f52dae66c5_0,0,50.0,pubkey
d05d256fbd5845b30039e37d48215788a4e438249048c47ddb9c83cd927d4d5a_0,0,50.0,pubkey
d09e93200dd6d2a1343001b0b2755da288f31c291abd42b134d3b3ac24920513_0,0,50.0,pubkey
d0c2299abad8c970c945ebb0b7a9c99c184809d16bdb2ee40f08fa10624f28e6_0,0,50.0,pubkey
d0d31488af1205e17630a459d0e2874d18e3102bee42b4dd3806dd9169638b66_0,0,50.0,pubkey
d0d91fcd42f8cac2c1498947ebe09ed9ed13a7b1cbf1c7b2a68a56b85d2c864c_0,0,50.0,pubkey
d17b9c9c609309049dfb9005edd7011f02d7875ca7dab6effddf4648bb70eff6_0,0,50.0,pubkey
d1aa3ca0641ccbd624097847c227448823f0b5d6eb8c0b047335c056886f9084_0,0,50.0,pubkey
d20e7764ed067cec8805443b0817a9948952d94bbaa7770f689925c40bfdcc4a_0,0,50.0,pubkey
d2a17dd46af545946132b7b6107b93f534483d79460c3dd23a26c68b498fe0c4_0,0,50.0,pubkey
d2e1de6c3648422ff8adfef39cc072912f26c011f5a4aff3c87c3336810dd868_0,0,50.0,pubkey
d347053c660613b5ab6700963c94eba2df557eae4434573e1429c014071b5756_0,0,50.0,pubkey
d38501417cd959d1fead3bfa81b2cddcf68b5a35e610e802d4ce21efdfdb0a55_0,0,50.0,pubkey
d39f36f74a4853ecbac3104c4b8663b5e042715185c632a5480518c095d56116_0,0,50.0,pubkey
d3ad39fa52a89997ac7381c95eeffeaf40b66af7a57e9eba144be0a175a12b11_0,0,50.0,pubkey
d3dc9be5d58809579e56cdd64e78257ecd24e2726cf26ef0a698f4e5c07670b5_0,0,50.0,pubkey
d40fc3ca7e3a920ee9db61ab9ddcf00cc52e96a6e41065db2bd93f61ffa12a6a_0,0,50.0,pubkey
d41f1bcc2abb66d3e2fe055df8064ccf36f07efa1d574de1427cc8751a3398e3_0,0,50.0,pubkey
d44e1778b8229c6aa8425ad8f4ee2e5f6a45836d0b6184893d98426cce55ee90_0,0,50.0,pubkey
d45724bacd1480b0c94d363ebf59f844fb54e60cdfda0cd38ef67154e9d0bc43_0,0,50.0,pubkey
d4713853a31daeebd0d7582dc1b033b039db62183446e4d0149098300222d470_0,0,50.0,pubkey
d472546c5171ea73bc9000f2994f069631c7706f5e922e2fe5f8e50e0402bed6_0,0,50.0,pubkey
d4742a2b7d439bdcf69b447f21b1eb7d5a4fe7d4581fbbb7374fb435e1360808_0,0,50.0,pubkey
d490c711a13544f7df1d365f90cce8004413866d8b1e20939a5c572551e54412_0,0,50.0,pubkey
d4f94674f0e13387b84e8b3d877e9c458bf00f170a2707ce5fc202084c5d2d0e_0,0,50.0,pubkey
d4ff7ec48c3490818b87ce80ad0c72a9ca8f43412190725dffae9016967a4d02_0,0,50.0,pubkey
d55bab37c8b69e894032f5db2b1ccb6285e745949084e274a739919a1695cff5_0,0,50.0,pubkey
d56c79e679b225cbcccdda810c704ddb45d3a956c0ebe2ac318d7954c5f4c24e_0,0,50.0,pubkey
d5ad2bcfca33dc1dd908a87a01dd605ee26cd81970c5ffac86a0e8b317a4b798_0,0,50.0,pubkey
d5f2d21453a6f0e67b5c42959c9700853e4c4d46fa7519d1cc58e77369c893f2_0,0,50.0,pubkey
d637b6d9c9847fb9fad159f6a60d6d8c93fc546f9fd61c317d61315bea9fdbef_0,0,50.0,pubkey
d6ad8c8bddc366fba7cf6917ebd9a9b2737b216fe894f2d30f856b7db6ffc9d9_0,0,50.0,pubkey
d70351067d753ce7eb14be7757787abec81cfecee93a20f65ed0cbbafeefd330_0,0,50.0,pubkey
d71fd2f64c0b34465b7518d240c00e83f6a5b10138a7079d1252858fe7e6b577_0,0,25.0,pubkey
d71fd2f64c0b34465b7518d240c00e83f6a5b10138a7079d1252858fe7e6b577_1,1,25.0,pubkey
d733e2195bd854e28baa1d0bf2551184e1dbcd96e1b71eb2e90400733723d2be_0,0,50.0,pubkey
d776eb69b1729316753621f55d83fd1d29964dcad0a9443bb6c2a5349e28e345_0,0,50.0,pubkey
d7969ac76bbf667dec3a3989febffd8ecddeb706b6554dc37aeb88e9611b16c2_0,0,50.0,pubkey
d7b9a9da6becbf47494c27e913241e5a2b85c5cceba4b2f0d8305e0a87b92d98_0,0,50.0,pubkey
d7d8ae1d9c2774bd77c823e0d52ff9252b84025f9f4f7e63ebc752b813fb5421_0,0,50.0,pubkey
d813666ec8d5d1b7ec5fb99e69b4d669470b43c1ee0218ecec0b2238d8f8a7d9_0,0,50.0,pubkey
d82145d84af01f21077245f83081d0367e366c359d052a648eec97a51152e952_0,0,50.0,pubkey
d8bb7a39f85135c14c37c8d370c97d642b907a791dd235793061e86e094c8d96_0,0,50.0,pubkey
d8fe27ce8417be1a3fdad7c5fedbf258413a3cffd2035e9c704a22fab0ac915c_0,0,50.0,pubkey
d967e6bccb5d3e9db00ab9cfe799b92962afde0f6d3af9923052e21b55605f03_0,0,50.0,pubkey
d9ab16fd9a8a5758e9a276eeecca67f232daabd6a603c8c6a1bb0b99c542163e_0,0,50.0,pubkey
d9ba6ef4da1415fc845f44364543a7c2b523e1969afa77fd4e76bf558c253fd3_0,0,50.0,pubkey
d9df26d62a3ce4855f3282462ba5581b23dc51ca3595de810115c0e7176722d3_0,0,50.0,pubkey
da51ca935176551082fe7f51f5d05fe8019df19f108de387767ae509293018cf_0,0,50.0,pubkey
dab39d7c718626019f2bf22079cf8504a9c2a5af529205b794571ee0ae1950da_0,0,50.0,pubkey
dabcf01b5f3223c3414d0bcf4b0c9230f2d2ec6d10b0724f760ba231415486f9_0,0,50.0,pubkey
daf9ef728b9e8bdc41bf1e8cc6d34b097250bb52662ff42a1c6f56f33cbd9621_0,0,50.0,pubkey
db9f7175c83f7a50a6449f9b1960784067c117c401898bed79da7eafa8ed0e73_0,0,50.0,pubkey
dbc96d6c55bd74f37ab8d6383ca7b80d9b243297d779ceeabcd1d55fc5cc4a8e_0,0,50.0,pubkey
dc03b4bff985848382b9e703edf9df25f64534c3b1784991a8938d25bbcddd3e_0,0,50.0,pubkey
dc7f99da0922345eb178eeba7510b81ae9f08963aa087ca7af01b3810171f43f_0,0,50.0,pubkey
dc8bb7e1af0ba2895699b6716d15c5429f3a717c2de8193e3a957ba0aee56acb_0,0,50.0,pubkey
dc97de0dc82410ad3d32fe6f4f82ecc17ab544893830f6c802f9e31e0050a0f8_0,0,50.0,pubkey
dd98d02d478e3489fc0e0b48b879239768da395fa015e382ccf71ac821b15a6d_0,0,50.0,pubkey
ddd4d06365155ab4caaaee552fb3d8643207bd06efe14f920698a6dd4eb22ffa_0,0,50.0,pubkey
de977a67fb37491a3b6909aeb137abc9750f469dd2fd7d3ed5838062e883be93_0,0,50.0,pubkey
dea3224cc1333edf41b3b97913d8b2a6402bddf6132f2137e003b535369f9ae1_0,0,50.0,pubkey
df2b060fa2e5e9c8ed5eaf6a45c13753ec8c63282b2688322eba40cd98ea067a_0,0,50.0,pubkey
df64e385f1c0d40d81b54766478ccfb4256aa7b1773c69887e89bbe06844dfc3_0,0,50.0,pubkey
e0175970efb4417950921bfcba2a3a1e88c007c21232ff706009cc70b89210b4_0,0,50.0,pubkey
e0c0bff8c446bea53766341ade4025003eb77299b8c3da2fa82cd06c9d7799fe_0,0,50.0,pubkey
e0c91e7218e8caa0b339743b426825c0092845c7c24415290510d735870c45b9_0,0,50.0,pubkey
e0f2a6a8e73dbdcb500db515e100c86177aba952656e4b2f3c4311a38ab7b77e_0,0,50.0,pubkey
e1939d77490aced40d5e6223023c05dc701e654d069a20fe269ebd435123f13f_0,0,50.0,pubkey
e1afd89295b68bc5247fe0ca2885dd4b8818d7ce430faa615067d7bab8640156_0,0,50.0,pubkey
e1b3de1de2b276e51fb7b662efb7131c451c9728a22da9be538e66e801becfb7_0,0,50.0,pubkey
e1cf3476234d8446653ad52a8939ed792003eefdcd0e897319ab9d2cb4c14c8c_0,0,50.0,pubkey
e24e056b0d537404157a885d24606d0e6d130d1dd7b5d85dab6603cc7010cdd5_0,0,50.0,pubkey
e2ce11cfe4162d88347262841e9cb5f1fa2fa6abd8f9a26d4d91d85e9ef4726f_0,0,50.0,pubkey
e2d39def68d039444be01a3efcec099bd35eae77d77ebd67698bb7b94a40d7d4_0,0,50.0,pubkey
e3445e3e66b0f7fcf98e7b6543efb27b6bcd7e144afbe0208ca5be0c0390d287_0,0,50.0,pubkey
e3571250e3f925ce7af635e1b049db5a7f3d10ab43f8961b3e5c8d4a8845cae1_0,0,50.0,pubkey
e36f06a8dfe44c3d64be2d3fe56c77f91f6a39da4a5ffc086ecb5db9664e8583_0,0,25.0,pubkey
e36f06a8dfe44c3d64be2d3fe56c77f91f6a39da4a5ffc086ecb5db9664e8583_1,1,25.0,pubkey
e3ab08d4f8ed2b3b67702a4603a612b282248b85eaff680798d1f93b7863eb80_0,0,50.0,pubkey
e3e932f77eeaf47a09c6c61675276e8f356e8fc6d6a4f404ae6a966ebf864b53_0,0,50.0,pubkey
e41d9c08bef9dc164bd527f3d85f0a2631ff481686b7aacda2eca8f10187aeee_0,0,50.0,pubkey
e47741cc9eb5f7c91c86e253f2b05ba7576fb1347f874314bf6db3cc0280e5ed_0,0,50.0,pubkey
e483dbbeff3ed483b5cf783fb858dc517b389578d5d7dd64ae760abcd7a0f7c9_0,0,50.0,pubkey
e4de50e888a0978a1acf770a67ca191ec651ce9b0852918f70bc166ffaa02c0f_0,0,50.0,pubkey
e53932e86fae409f517ef31dd3ce7c029b1865c8a51571ffd0a1e0eac72a4538_0,0,50.0,pubkey
e5896c93c4c70da1d605142231b54babe359edf196beef06fff026a87a67efcc_0,0,50.0,pubkey
e5d263abd86ec2c2100c1857d69e504657385bd7ca192921d8134af2bedf58af_0,0,50.0,pubkey
e65c5d4849339ef038b30b542347a9940e88645cfeec2893fe7616cebdb7f99d_0,0,50.0,pubkey
e690daeb9f73d29d8a22cb4b5ec29970e9b32283d4376adeaad8691ccb449a68_0,0,50.0,pubkey
e70c3f5537a631b048198e5aebbb0569d6ea8c43357dd6e193f26e72e33660c7_0,0,50.0,pubkey
e770e0eff7a0b0b7ec298b467ac79b0e967be0861304a34d8eb06e4d7726d205_0,0,50.0,pubkey
e79fc1dad370e628614702f048edc8e98829cf8ea8f6615db19f992b1be92e44_0,0,50.0,pubkey
e7a3e246c6f2d582b089d7d6c2f925e8aae46ef0c0ce97d3dd3afe3016a44e97_0,0,50.0,pubkey
e7caf9a784751643f7b71881aaf96e2b3e041950b42638b4fcfe82ff57ba260d_0,0,50.0,pubkey
e8cb53863d3aafee9b013c0e475ec90e624944233f0789897be408e6eea3b650_0,0,50.0,pubkey
e8f9d5c4fe8166547dfbabe7f07cd5e0f92109905cb0e8dca2d54545217d3bb8_0,0,50.0,pubkey
e9272bef588f2cc5ff34e24219c2cb3a3d765373833c29c65f0d797e7e5e3b5f_0,0,50.0,pubkey
e930898623b7fa595727e6d94f8630356feb1d57a18b1e57f07494e1fa8cf0a8_0,0,50.0,pubkey
e94f87abbfbf2b475b2f8f6eaae2becf481e0e82114040bf4b57d359dc7dfa52_0,0,50.0,pubkey
e980fe9f792d014e73b95203dc1335c5f9ce19ac537a419e6df5b47aecb93b70_0,0,50.0,pubkey
e9b4eadacc081d16f38cedd90c5a08444caa904e11ec66f056019f4449239e9a_0,0,50.0,pubkey
e9e2c651c878ece3dad9843008d4d3485513bc114978ed83e24e490c2964f86b_0,0,50.0,pubkey
ea6195b5f73da179261ff356536dcf8db78096bc5c1e048d071e52121d49c57b_0,0,50.0,pubkey
eaa82ef14c58bb5909350df6926ad9a23c5f59f75226670831412115d083412c_0,0,50.0,pubkey
eb0050c15250c0cae3248d4989c84b45495aeb3d8434627fb8d217deb399adb1_0,0,50.0,pubkey
eb82621de40f57f1d30612da0054f05e0ea5eb632951a6447098d0de02f7d721_0,0,50.0,pubkey
ebdb8335d5b148e9cc1b1bb795ee619a649bd1638e5514fdfc3004b1c56fd6a4_0,0,50.0,pubkey
ec0bd6a494c6946b6615048d4b082a8d59844c9b06953da681694f61c5dd81a6_0,0,50.0,pubkey
ec260ddbf213aa67b82992a91085706067eec3b7b1b3874f90df2ecb74260458_0,0,50.0,pubkey
ec26539b7bd6c264efeb609b1159de4b78f27830f77027e9b4e5523b40e15d0f_0,0,50.0,pubkey
ec2ba1a3784dacd6962d53e9266d08d6cca40cce60240954bb3448c6acdf568f_0,0,50.0,pubkey
ec520e569d7630f859ee8eb716ffdd4c910d6b64db1579c38620ff1a69b52198_0,0,50.0,pubkey
ec524d8c32fe505dd07eee134d45ba2cedadbce2d77a75dbeac91f1228917203_0,0,50.0,pubkey
ecaf911acdb8f76e56eea318c3cb91c1d0b08c85048ae0596e70bd9de4f349ef_0,0,50.0,pubkey
ecefd83baf5b7958440b32917e289d77cc0aa645a8e9e0b3a6fe7d95312c10c9_0,0,50.0,pubkey
eda65f77e1d65f6c8f168fcfd7c2187db499f5d077027be9f001d0446a9f73a5_0,0,50.0,pubkey
edb7b78f88263e5c47717ee0761131683e85cc31beeac9a98554917c30686440_0,0,50.0,pubkey
edcf0176cfbb5c2f69f881f921c11405c3350173769a5cf8d10f6352fbecf085_0,0,50.0,pubkey
ee1afca2d1130676503a6db5d6a77075b2bf71382cfdf99231f89717b5257b5b_0,0,50.0,pubkey
ee36d141029ce5c0583c1d78b51d703b6da87279219d1fcf2e3cb21ca35f361c_0,0,50.0,pubkey
ee8a69fe827fa3519b9fe8704eeb5923e655943b21f46f070935f8febbe6433d_0,0,50.0,pubkey
eeb40b8863bf4af340083842cb8ddade36dde1dc9840406b52784aff923bc501_0,0,50.0,pubkey
eee136c1ba8f9b76f31b8d049d6e373a331f20f0b00c02395ace5156b2ccaa20_0,0,50.0,pubkey
ef166d2a815faa7995e8476ea6a4cfd12322aeb75422a715bca33a709e4f9171_0,0,50.0,pubkey
eff56a0127c9262d388864bbbd7111c5ccb25241491163f876c62b25ba8e5baf_0,0,50.0,pubkey
f01d7897ca02ed20dfb5544b3c1228e225fd97b72510d40af6c9d8e489033a74_0,0,50.0,pubkey
f0bde99c59d8e59ca00bc636979e3b31d228183da970b4c69b8988a3fad3e195_0,0,50.0,pubkey
f0dacdd8b7bc23213a3b9d56bcb8c7a68d849468e9c3c5ceda0bbf34278e9549_0,0,50.0,pubkey
f0fd0c7dcd26c837e55d4bb07638a10c1a33bcbf6f968101d909917fc01dc3b0_0,0,50.0,pubkey
f15c7c51118c1dc93129a9f4999c7768ef2ff8cda3230f56d32576518c5f9349_0,0,50.0,pubkey
f1b0c128d1d87eaa524d67dafb5cd86fbda67cb32d823264e677b816f21051f6_0,0,50.0,pubkey
f1b82a8d9b758c3434391b89dfe44b1606a755ec2744d1570beee37efc7fe509_0,0,50.0,pubkey
f1f5a1e79ad6153dc18c169ff94483e817bf89df2ba158a77492016ed9916157_0,0,50.0,pubkey
f25fcf86e79e68dbc3adb583e50b628e793bfc8ac37141157b9b92afac07ca4a_0,0,50.0,pubkey
f2a9c8b6b9361b21ee2f28672053ba0080b2bbbcb767ad34eb0c4d614d54014a_0,0,50.0,pubkey
f2d07f94821a46246cc6b948c6b865cb5ef7f3042f861030cb2d717f63012cb8_0,0,50.0,pubkey
f2d386c0632e927c343cff451a81a8a03eaa6e9316dab79e56d83e218e329bd3_0,0,50.0,pubkey
f2f1c70f29204fdf71f8f158b5f0e8f56aa6bc9a7978d44a4b481b5622a00c2f_0,0,50.0,pubkey
f31ea902c012f14f741c318dca15af3b53c3bda9bec5cfef89f61a631b79407f_0,0,50.0,pubkey
f33490c99489c9e92b5dc532a2b673233cdca0e9b666c87d9c0edeada5b8fd38_0,0,50.0,pubkey
f399cb6c5bed7bb36d44f361c29dd5ecf12deba163470d8835b7ba0c4ed8aebd_0,0,50.0,pubkey
f4184fc596403b9d638783cf57adfe4c75c605f6356fbc91338530e9831e9e16_0,0,10.0,pubkey
f4184fc596403b9d638783cf57adfe4c75c605f6356fbc91338530e9831e9e16_1,1,40.0,pubkey
f45b2c9482d868a6f40c6fda166cea27c3c5e5c4e6eaa1e809a024e2bc5ada4f_0,0,50.0,pubkey
f478a9e1098e8d048be6b859472121d7e3c0d0ba59a7ff584b185c3dcc8fecf4_0,0,50.0,pubkey
f599f86843596f66a10ab83fd78de517758a95fd84c99c6439d448a312457d5b_0,0,50.0,pubkey
f5c067eac438ad7affc6b156e9c21019e3e75436eedc6f7968ad1f9214841bcc_0,0,50.0,pubkey
f5e26c8b82401c585235c572ba8265f16f7d9304ed8e31c198eab571754f5331_0,0,50.0,pubkey
f5fe20fadac94288a0ed18a2b2e181471e6b75a023b7b2f88dfe4bb8667c6437_0,0,50.0,pubkey
f605681ec24a0545f24cdab7455612abbd3cb53ea883e014a549af808c4b1541_0,0,50.0,pubkey
f69778085f1e78a1ea1cfcfe3b61ffb5c99870f5ae382e41ec43cf165d66a6d9_0,0,50.0,pubkey
f6e79a60ead1a6b74d70e46cea906b46f13f39773a691a3d382ca585000e11ad_0,0,50.0,pubkey
f7126304f9e03c82c7c5ec4347c6c4e7ea9eb765a431307cb60d81c2c1b671b9_0,0,50.0,pubkey
f72eee188d834179294d724b5e8b16620fef0963378cff5e7bcd7dac86e3503b_0,0,50.0,pubkey
f7818861e4e525fc3d19e54441c9ba6283cef3bb801ed9884641763cead55935_0,0,50.0,pubkey
f79475666d353611726c4c17090fe6fd883a6860ef0edbc8fceffeea1b8660dc_0,0,50.0,pubkey
f8325d8f7fa5d658ea143629288d0530d2710dc9193ddc067439de803c37066e_0,0,50.0,pubkey
f906fad3d8ee167fd89afe94e79ed6f0bd0bfbaba6d3593e82eb5344069915d6_0,0,50.0,pubkey
f925f26deb2dc4696be8782ab7ad9493d04721b28ee69a09d7dfca51b863ca23_0,0,50.0,pubkey
fa015e93b37ffe1314bcd6d821fca951978138ee5f417ab1a460ddf34b1943f5_0,0,50.0,pubkey
fa0b74cfce692a7aecca56b2ea011fda76948ac6f157ac8d079400225884ae1e_0,0,50.0,pubkey
fa1c23eec89ddcc242748d2c7864eaa1ec9314f8a6fa261bac60019b5ff3364c_0,0,50.0,pubkey
fa2d79be4f9dd000fd596aba2a9a062ccad4f7d0e8a9d98cd9c47f7e46538585_0,0,50.0,pubkey
fa6068d270e66d5da29c5feefee60d89c71498e39e65b29b18aaae9e66d64447_0,0,50.0,pubkey
fab941c771959a1addff9c57482b40d557ad5d3d141ab11b82daae3c07e1264a_0,0,50.0,pubkey
fac56c7a1ba0252b7e32d792f0f3d16113800175e1dd493923a8bea5f3601596_0,0,50.0,pubkey
fae34be444ca4f7d1e3c95bff991fc919daf261cf1fad6aae75b5750ca9c208c_0,0,50.0,pubkey
fb9967077804b9a4b7f5c80f7d8c567639cc14b17955da27c10b9947ddbd1825_0,0,50.0,pubkey
fc0d1d73901ee27a693e55959f5e20fc913bba86e336a384def3210684d9484e_0,0,50.0,pubkey
fc8c44b8bc7fbea03302bc50eddf714d863c692fd2b3189ba7d089d0f813409e_0,0,50.0,pubkey
fcb021cb0a02ed5032b97ef2db5e66c67c38285956dab5294baf14078c0568e9_0,0,50.0,pubkey
fcb92c7d90a54b009c3707fabf8d833f1e6544dc51121576cf497060cdd7e6a9_0,0,50.0,pubkey
fd0e8bcfdb6deeca808864c6531e172a777ba0beb10a23265b1b2db089415089_0,0,50.0,pubkey
fd1dc8f8f2c916af26ff6dd83bb6c2cb209cce0299061dab686acffe67b5588f_0,0,50.0,pubkey
fd65bf41342e136824478ff793ec6af047e30300b25e3a5b5e8ba662a9ecf29f_0,0,50.0,pubkey
fd6953adbacc06f9465fea4812ba82ddfcfb1a0254f4e63619f54cf2d60db0f4_0,0,50.0,pubkey
fd83acf6e35be34a654ae53fbdc43ae4a7c4e1bcc334064a6360bf6b32339fcb_0,0,50.0,pubkey
fdb086ee0237a3b1f85a4a5181952081f06abd8b4337f2a5b4dcaa71522bd992_0,0,50.0,pubkey
fdd6c3c3cb3de7e8a68e920541befe5469084a68c68127f4ff595f67e05d7942_0,0,50.0,pubkey
fdf47435abf08e414ac5398f8ecba4acad57ce0e3c85ebfc3485c7b1624ef9ab_0,0,50.0,pubkey
fe28050b93faea61fa88c4c630f0e1f0a1c24d0082dd0e10d369e13212128f33_0,0,50.0,pubkey
fe8459c15da69f76acd83eb79c28fad313a08dd28453051f216d41d3fbf7ff55_0,0,50.0,pubkey
fe9ccc6c8b44c67ab170135d4148d6424e748f7549547d8174d59b5127df0102_0,0,50.0,pubkey
feefc021e27b0df4c49166cb736748a9b964afbd566e40f5783c906309473f48_0,0,50.0,pubkey
ff3dc8b461305acc5900d31602f2dafebfc406e5b050b14a352294f0965e0bf6_0,0,50.0,pubkey
ffe47b80afe6581bfb31bd0a184276a1c23906d324b56ec2d2a349e115910216_0,0,50.0,pubkey
ffeb626a814334761798b3c6057d0952926be129c01778ad650829640522d3eb_0,0,50.0,pubkey
